Quadrat,Treatment,Canopy,Veg,Interval,DateSet,DateColl,Sorter,Oligochaeta,Snails,Slugs,Geophilomorpha,Lithobiomorpha,Scolopendromorpha,Polydesmida,Callipodida,Chordeumatida,Julida,Spirobolida,Polyzoniida,Isopoda,Araneae,Opiliones,Pseudoscorpiones,Tomoceridae,Dicyrtomidae,Katiannidae,Isotomidae,Entomobryidae,Hypogastruridae,Neanuridae,Onychiuridae,Nitidulidae,Carabidae,Staphylinidae,Silphidae,Scarabaeidae,Trogidae,Geotrupidae,Elateridae,Curculionidae,Scolytinae,Histeridae,Ptiliidae,Phalacridae,Tenebrionidae,Meloidae,Lampyridae,Formicidae,Forficulidae,Rhaphidophoridae,Gryllidae,Blattidae,Cerambycidae,Cerylonidae,Rhizophagidae,Pselaphidae,Erotylidae,Scydmaenidae,Pyrochroidae,Salpingidae,Mordellidae,Mycetophagidae,Lycidae,Leiodidae,Leptodiridae,Cryptophagidae,Chrysomelidae,Cucujidae,Cantharidae,Derodontidae,Rhysodidae,Unkn Coleoptera,Corimelaenidae,Psocoptera,Hemiptera,Ticks,Frogs,Toads,Salamanders,Mammals
1,Light,1,0,1,5/25/2015,6/10/2015,Kara,0,2,0,0,0,0,6,0,3,1,5,0,0,10,6,1,221.0,11,1,29,6,15,2,0,48,5,31,0,0,0,0,0,1,21,0,0,3,0,0,0,0,0,0,0,0,0,0,0,0,0,0,0,0,0,0,0,0,0,0,0,0,0,0,0,3,0,0,0,0,0,0,0,0
2,Control,0,0,1,5/25/2015,6/10/2015,Kara,0,2,0,0,1,0,3,0,0,3,1,0,0,9,2,0,35.0,17,0,1,10,31,0,0,12,10,10,0,0,0,0,0,1,3,1,0,0,0,0,1,0,0,0,0,0,0,0,0,0,0,0,0,0,0,0,0,0,0,0,0,1,0,0,0,0,0,0,0,0,0,0,0,0
3,Veg,0,1,1,5/25/2015,6/10/2015,Kara,0,3,0,0,1,0,1,0,0,6,5,0,0,22,7,4,134.0,5,0,6,5,61,4,0,6,2,31,2,2,2,5,0,9,0,0,0,0,0,0,0,0,0,1,0,0,0,0,0,0,0,0,0,0,0,0,0,0,0,0,0,0,0,0,0,0,0,0,0,0,0,0,0,0
4,Control,0,0,1,5/25/2015,6/10/2015,Kara,0,2,0,1,1,0,0,0,0,4,5,7,0,17,4,12,220.0,14,1,7,2,1,0,0,37,3,32,0,0,0,0,0,1,8,0,4,1,0,0,0,0,0,0,0,0,0,0,0,0,0,0,0,0,0,0,0,0,0,0,0,0,0,0,0,4,0,0,0,0,0,0,0,0
5,Veg,0,1,1,5/25/2015,6/10/2015,Kara,0,0,0,0,0,0,0,0,0,3,0,0,0,30,1,1,48.0,9,0,1,0,0,0,0,4,1,0,0,0,0,0,0,0,9,0,0,0,0,0,0,0,0,0,0,0,0,0,0,0,0,0,0,0,0,0,0,0,0,0,0,0,0,0,0,0,0,0,0,0,0,0,0,0
6,Light,1,0,1,5/25/2015,6/10/2015,Kara,0,3,0,0,0,0,2,0,0,2,2,0,0,34,2,3,106.0,7,0,34,14,0,0,0,49,4,21,0,0,0,0,0,0,14,0,4,0,0,0,0,0,0,0,0,0,0,0,0,0,0,0,0,0,0,0,0,0,0,0,1,5,0,0,0,1,0,0,0,0,0,0,0,0
7,Light+Veg,1,1,1,5/25/2015,6/10/2015,Kara,0,0,0,0,0,0,8,0,1,2,0,0,0,23,0,4,117.0,18,11,63,20,5,2,0,13,0,12,1,0,0,0,0,2,10,0,0,0,0,0,0,0,0,1,1,0,0,0,0,0,0,0,0,0,0,0,0,0,0,0,0,2,0,0,0,4,0,0,0,0,0,0,0,0
8,Light+Veg,1,1,1,5/25/2015,6/10/2015,Kara,0,2,0,0,2,0,7,0,0,2,1,0,0,60,3,12,116.0,4,1,3,10,0,1,0,37,6,28,0,0,0,0,0,0,5,0,0,0,0,0,0,0,0,0,0,0,0,0,0,0,0,0,0,0,0,0,0,0,0,0,0,0,0,0,0,0,0,0,0,0,0,0,0,0
9,Veg,0,1,1,5/25/2015,6/10/2015,Kara,0,5,0,0,1,0,10,0,0,3,0,0,0,37,2,1,22.0,11,0,1,6,3,0,0,4,14,4,1,0,0,0,1,0,6,0,0,0,0,0,0,0,0,1,0,0,0,0,0,0,0,0,0,0,0,0,0,0,0,0,0,0,0,0,0,0,0,0,0,0,0,0,0,0
10,Light+Veg,1,1,1,5/25/2015,6/10/2015,Kara,0,1,0,0,0,0,1,0,1,1,1,0,0,57,2,2,47.0,12,4,3,22,9,0,0,6,5,4,0,0,0,0,0,1,14,0,0,0,0,0,0,0,0,0,0,0,0,0,0,0,0,0,0,0,1,0,0,0,0,0,0,1,0,0,0,5,0,0,0,0,0,0,0,0
11,Control,0,0,1,5/25/2015,6/10/2015,Kara,0,0,0,0,1,0,3,0,0,2,2,0,0,16,0,0,59.0,12,0,2,2,2,0,0,13,1,7,0,0,0,0,0,3,2,0,0,0,0,0,0,0,0,0,0,0,0,0,0,0,0,0,0,0,0,0,0,0,0,0,0,0,0,0,0,0,0,0,0,0,0,0,0,0
12,Light+Veg,1,1,1,5/25/2015,6/10/2015,Kara,0,0,0,0,2,0,0,0,1,0,1,3,0,34,8,9,172.0,18,6,12,62,14,7,0,21,11,16,0,0,0,0,0,1,8,0,0,0,0,0,0,0,0,0,0,0,0,0,0,0,0,0,0,0,1,0,0,0,0,0,0,1,0,0,0,4,0,0,0,0,0,0,0,0
13,Veg,0,1,1,5/25/2015,6/10/2015,Kara,0,1,0,0,3,0,0,0,0,3,0,0,1,15,1,2,32.0,7,1,3,14,36,6,0,8,0,5,0,0,0,0,0,2,20,0,0,0,0,0,0,0,0,1,0,0,0,0,0,0,0,0,0,0,0,0,0,0,0,0,0,0,0,0,0,0,0,0,0,0,0,0,0,0
14,Light,1,0,1,5/25/2015,6/10/2015,Kara,2,2,0,0,1,0,7,0,1,3,1,0,0,15,0,5,181.0,45,16,36,137,56,15,0,9,2,8,0,0,0,0,0,1,21,0,0,0,0,0,0,0,0,2,0,0,0,0,0,0,0,0,0,0,0,0,0,0,0,0,0,0,0,0,0,2,0,0,0,0,0,0,0,0
15,Light,1,0,1,5/25/2015,6/10/2015,Kara,0,4,0,0,0,0,5,0,0,6,1,0,0,21,3,3,89.0,4,0,2,17,28,1,1,9,5,19,5,0,1,1,0,1,12,0,0,0,0,0,0,0,0,0,0,0,0,0,0,0,0,0,0,0,0,0,0,0,0,0,0,0,0,0,0,1,0,0,0,0,0,0,0,0
16,Veg,0,1,1,5/25/2015,6/10/2015,Kara,2,1,0,0,1,0,1,0,0,5,1,0,0,18,2,1,32.0,18,2,19,20,113,6,0,6,29,7,0,0,0,2,0,2,24,0,0,0,0,0,0,0,0,0,0,0,0,0,3,0,0,0,0,0,0,0,0,0,0,0,0,0,0,0,0,0,0,0,0,0,0,0,0,0
17,Light,1,0,1,5/26/2015,6/10/2015,Kara,0,2,0,0,0,0,8,0,0,7,0,0,6,16,2,1,71.0,82,0,6,2,9,3,0,3,10,13,0,0,0,0,0,0,7,0,0,0,0,0,0,0,0,0,0,0,0,0,0,0,0,0,0,0,0,0,0,0,0,0,0,0,0,0,0,0,0,0,0,0,0,0,0,2
18,Veg,0,1,1,5/26/2015,6/10/2015,Kara,0,2,0,0,0,0,0,0,0,1,0,0,0,9,2,0,18.0,7,0,0,4,7,4,1,7,0,0,0,0,0,0,0,0,0,0,0,0,0,0,0,0,0,0,0,0,0,0,0,0,0,0,0,0,0,0,0,0,0,0,0,0,0,0,0,0,0,0,0,0,0,0,1,0
19,Control,0,0,1,5/26/2015,6/10/2015,Kara,0,0,1,0,0,0,0,0,0,2,0,0,0,19,1,0,20.0,30,1,6,5,8,3,0,12,2,9,0,0,0,0,0,1,1,0,0,0,0,0,0,0,0,1,0,0,0,0,0,0,0,0,0,0,0,0,0,0,0,0,0,0,0,0,0,0,0,0,0,0,0,0,1,0
20,Light,1,0,1,5/26/2015,6/10/2015,Kara,0,0,0,0,0,0,10,0,1,20,2,0,5,19,2,4,173.0,89,5,32,26,26,1,0,0,3,10,1,0,0,0,0,0,19,0,0,1,0,0,0,0,0,1,0,0,0,0,0,0,0,0,0,0,0,0,0,0,0,0,0,0,0,0,0,0,0,0,0,0,0,0,3,0
25,Control,0,0,1,5/26/2015,6/10/2015,Kara,1,0,0,0,0,0,8,0,1,1,0,0,0,10,0,1,27.0,22,0,4,32,15,3,0,9,8,4,0,0,0,0,0,1,9,0,2,0,0,0,0,0,0,1,0,0,0,0,0,0,0,0,0,0,0,0,0,0,0,0,0,0,0,0,0,3,0,0,0,0,0,0,0,0
26,Light+Veg,1,1,1,5/26/2015,6/10/2015,Kara,1,3,0,0,0,0,8,0,1,4,2,0,0,10,1,3,75.0,19,18,16,27,376,2,0,0,9,19,0,0,0,0,0,2,31,0,0,0,0,0,0,0,0,0,0,0,0,0,0,0,0,0,0,0,0,0,0,0,0,0,0,0,0,0,0,1,0,0,0,0,0,0,0,0
27,Control,0,0,1,5/26/2015,6/10/2015,Kara,0,2,0,1,1,0,3,0,0,1,1,0,0,13,0,0,12.0,11,3,6,15,32,23,1,7,4,4,0,0,0,0,0,1,7,0,0,0,0,0,0,0,0,0,0,2,0,0,0,0,0,0,0,0,0,0,0,0,0,0,0,0,0,0,0,0,0,0,0,0,0,0,0,0
28,Light+Veg,1,1,1,5/26/2015,6/10/2015,Kara,0,0,0,0,0,0,10,0,0,4,0,0,0,16,1,0,30.0,6,0,1,10,20,3,0,6,6,11,0,0,0,1,0,0,31,0,0,0,0,0,0,0,0,0,0,0,0,0,0,0,0,0,0,0,0,0,0,0,0,0,0,0,0,0,0,0,0,0,0,0,0,0,1,0
29,Control,0,0,1,5/25/2015,6/10/2015,Kara,0,0,0,0,1,0,9,0,4,1,0,0,0,18,2,4,46.0,11,1,2,15,3,0,0,27,7,15,2,1,0,0,0,1,6,0,0,0,0,0,0,0,0,0,0,0,0,0,1,0,0,0,0,0,0,0,0,0,0,0,0,0,0,0,0,4,0,0,0,0,0,0,0,0
30,Control,0,0,1,5/25/2015,6/10/2015,Kara,2,3,0,0,0,0,3,0,0,0,3,0,0,17,0,2,38.0,62,0,12,11,18,2,1,7,4,7,4,0,0,0,0,0,11,0,0,0,0,0,0,0,0,0,0,0,0,0,0,0,0,0,0,0,0,0,0,0,0,0,0,0,0,0,0,0,0,0,0,0,0,0,0,0
31,Control,0,0,1,5/25/2015,6/10/2015,Kara,0,3,0,0,2,0,6,0,0,1,0,0,0,25,5,4,64.0,30,0,4,78,4,1,0,11,3,9,0,0,0,0,0,0,4,0,0,0,0,0,0,0,0,0,0,0,0,0,0,0,0,0,0,0,0,0,0,0,0,0,0,0,0,0,0,1,0,0,0,0,0,0,0,0
32,Control,0,0,1,5/25/2015,6/10/2015,Kara,0,1,0,0,0,1,7,0,0,0,2,0,0,11,1,4,100.0,26,0,84,114,10,6,1,8,4,6,0,0,0,0,0,0,3,0,0,0,0,0,0,0,0,0,0,0,0,0,0,0,0,0,0,0,0,0,0,0,0,0,0,0,0,0,0,0,0,0,0,0,0,0,0,0
33,Control,0,0,1,5/26/2015,6/10/2015,Kara,0,0,0,0,1,0,2,0,0,4,0,0,0,22,2,0,28.0,30,23,9,28,124,17,0,5,5,14,0,0,0,0,0,11,25,0,2,0,0,0,0,0,0,4,0,0,0,0,0,0,0,0,0,0,0,0,0,0,0,0,0,0,0,0,0,4,0,0,0,0,0,0,0,0
34,Control,0,0,1,5/26/2015,6/10/2015,Kara,0,0,0,0,3,0,1,0,0,10,0,0,0,26,10,2,94.0,70,0,1,9,4,0,0,3,23,6,0,0,0,0,0,5,34,0,0,0,0,0,0,0,0,4,0,0,0,0,0,0,0,0,0,0,0,0,0,0,0,0,0,0,0,0,0,0,0,0,0,0,0,0,0,0
35,Control,0,0,1,5/26/2015,6/10/2015,Kara,0,0,0,0,0,0,0,0,0,1,0,0,0,9,1,0,20.0,16,45,5,40,67,34,1,245,5,0,0,0,0,0,0,1,11,0,0,0,0,0,0,0,0,0,0,0,0,0,0,0,0,0,0,0,0,0,0,0,0,0,0,0,0,0,0,0,0,0,0,0,0,0,0,0
36,Control,0,0,1,5/26/2015,6/10/2015,Kara,0,0,0,0,0,1,11,0,0,0,0,0,0,25,1,0,32.0,22,0,2,26,5,0,0,7,3,7,0,0,0,0,0,2,23,0,0,0,0,0,0,0,0,1,0,0,0,0,0,0,0,0,0,10,0,0,0,0,0,0,0,0,0,0,0,0,0,0,0,0,0,0,1,0
37,Control,0,0,1,5/26/2015,6/10/2015,Kara,0,0,0,1,0,0,3,0,0,0,0,0,0,26,1,0,15.0,23,10,9,28,17,7,0,3,2,9,0,0,0,0,0,0,4,0,0,0,0,0,0,0,0,0,0,0,0,0,0,0,0,0,0,0,0,0,0,0,0,0,0,0,0,0,0,0,0,0,0,0,0,0,0,0
38,Control,0,0,1,5/26/2015,6/10/2015,Kara,0,3,4,0,0,0,2,0,0,5,0,0,2,38,0,0,23.0,12,0,0,0,1,0,0,1,7,2,0,0,0,0,0,0,6,0,0,0,0,0,0,0,0,0,0,0,0,0,0,0,0,0,0,0,0,0,0,0,0,0,0,0,0,0,0,0,0,0,0,0,0,0,1,0
39,Control,0,0,1,5/26/2015,6/10/2015,Kara,0,0,0,0,1,0,2,0,1,3,0,0,0,23,3,2,23.0,33,4,11,73,49,7,0,2,0,13,0,0,0,0,0,0,2,0,1,0,0,0,0,0,0,0,0,0,0,0,0,0,0,0,0,0,0,0,0,0,0,0,0,0,0,0,0,0,0,0,0,0,0,0,0,0
40,Control,0,0,1,5/26/2015,6/10/2015,Kara,0,1,0,0,0,0,9,0,8,0,4,0,2,32,15,6,41.0,42,3,3,19,20,1,0,3,2,9,0,1,0,0,0,1,8,0,0,0,0,0,0,0,0,0,0,0,0,0,0,0,0,0,0,0,0,0,0,0,0,0,0,0,0,0,0,3,0,0,0,0,0,0,0,0
41,Forest,0,0,1,5/27/2015,6/9/2015,.,.,.,.,.,.,.,.,.,.,.,.,.,.,.,.,.,0.0,0,0,0,0,.,0,.,.,.,.,.,.,.,.,.,.,.,.,.,.,.,.,.,0,.,.,.,.,0,0,.,.,0,.,0,0,.,.,0,.,.,0,.,.,0,0,.,.,0,0,0,0,.,.,.,.
42,BS,1,1,1,5/27/2015,6/9/2015,Kara,0,1,0,0,0,0,8,0,0,1,2,0,0,36,1,0,4.0,0,29,165,10,48,9,0,0,1,5,0,0,1,0,0,0,182,0,0,0,0,0,0,0,0,2,0,0,0,0,0,0,0,0,0,0,0,0,1,0,0,0,1,0,0,0,0,3,0,0,0,0,0,0,0,0
43,B,1,0,1,5/27/2015,6/9/2015,Kara,0,0,0,0,0,0,0,0,0,0,0,0,0,5,1,1,13.0,3,1,14,4,24,11,0,1,0,1,0,0,0,0,0,0,77,0,0,1,0,0,0,0,0,0,0,0,0,0,0,0,0,0,0,0,0,0,0,0,0,0,0,0,0,0,0,0,0,0,0,0,0,0,0,0
44,Forest,0,0,1,5/27/2015,6/9/2015,Kara,0,0,0,0,0,0,1,0,0,0,0,0,0,16,1,0,4.0,4,0,3,6,17,9,0,7,3,3,0,0,0,0,0,0,2,20,0,0,0,0,0,0,0,0,0,0,0,0,0,0,0,0,0,0,0,0,0,0,0,0,0,0,0,0,0,1,0,0,0,0,0,0,1,0
45,Forest,0,0,1,5/27/2015,6/10/2015,Kara,0,0,0,0,0,1,2,0,0,0,0,0,0,10,2,3,19.0,9,0,2,10,19,2,0,15,0,9,0,0,0,0,1,2,22,0,0,0,0,0,0,0,0,0,0,0,0,0,0,0,0,0,0,0,0,0,0,0,0,0,0,0,0,0,0,0,0,0,0,0,0,0,0,0
46,BS,1,1,1,5/27/2015,6/10/2015,Kara,1,1,0,0,0,0,1,0,0,1,0,0,0,65,1,0,0.0,0,0,0,0,0,0,0,9,2,9,0,0,0,0,1,0,68,0,0,0,0,0,0,0,0,0,0,0,0,0,0,0,0,0,0,0,0,0,0,0,0,0,0,0,0,0,1,3,0,0,0,0,0,0,0,0
47,B,1,0,1,5/27/2015,6/10/2015,Kara,0,1,0,0,2,0,1,0,0,0,0,0,2,42,0,7,0.0,0,0,0,0,0,0,0,2,1,26,0,0,0,0,0,0,101,0,1,0,0,0,0,0,0,0,0,0,0,0,0,0,0,0,0,0,0,0,0,0,0,0,0,0,0,0,0,3,0,0,0,0,0,0,0,0
48,Forest,0,0,1,5/27/2015,6/10/2015,Kara,0,2,0,0,0,0,2,0,0,1,3,0,0,6,2,3,15.0,0,14,18,38,105,18,0,3,1,2,0,0,0,0,0,2,33,0,0,0,0,0,0,0,0,1,0,0,0,0,0,0,0,0,0,0,0,0,0,0,0,0,0,0,0,0,0,0,0,0,0,0,0,0,0,0
49,BS,1,1,1,5/27/2015,6/9/2015,Kara,0,0,0,0,0,0,0,0,0,1,0,0,0,19,0,0,25.0,10,0,20,3,2,1,1,5,7,8,0,0,0,0,0,0,39,0,1,0,0,0,0,0,0,0,3,0,0,0,0,0,0,0,0,0,0,0,0,0,0,0,0,0,0,0,0,2,0,0,0,0,0,0,0,0
50,Forest,0,0,1,5/27/2015,6/9/2015,Kara,1,0,0,1,1,0,16,0,2,4,4,0,3,23,4,2,78.0,47,1,5,70,18,4,1,7,2,11,0,0,0,0,1,1,42,0,0,0,0,0,0,0,0,0,0,0,0,0,0,0,0,0,0,0,0,0,0,0,0,0,0,0,0,0,0,3,0,0,0,0,0,0,0,0
51,B,1,0,1,5/27/2015,6/9/2015,Kara,0,1,0,0,0,0,5,0,0,0,0,0,0,44,1,1,28.0,15,15,1,24,7,0,0,9,2,12,0,0,0,0,0,0,15,0,0,0,0,0,0,0,0,0,0,0,0,0,0,0,0,0,0,0,0,0,0,0,0,0,0,0,0,0,0,0,0,0,0,0,0,0,0,0
52,Forest,0,0,1,5/27/2015,6/9/2015,Kara,0,0,0,0,0,0,8,0,2,0,0,0,0,12,2,1,16.0,17,1,3,14,15,7,0,12,7,6,0,0,0,0,0,1,26,0,0,0,0,0,0,0,0,1,0,0,0,0,0,0,0,0,0,0,0,0,0,0,0,0,0,0,0,0,0,0,0,0,0,0,0,0,0,0
53,BS,1,1,1,5/27/2015,6/9/2015,Kara,0,0,0,0,0,3,29,0,0,0,4,0,0,56,0,1,67.0,12,1,5,0,7,4,1,12,20,16,2,1,0,0,2,0,86,0,0,0,0,0,0,0,0,0,0,0,0,0,0,0,0,0,0,0,0,0,0,0,0,0,0,0,0,0,0,0,0,0,0,0,0,0,0,0
54,Forest,0,0,1,5/27/2015,6/9/2015,Kara,2,0,0,0,0,0,1,0,0,0,0,0,0,5,0,0,10.0,33,1,3,3,9,7,2,53,0,11,0,0,0,0,0,0,18,0,0,1,0,0,0,0,0,0,0,0,0,0,0,0,0,0,0,0,0,0,0,0,0,0,0,0,0,0,0,0,0,0,0,0,0,0,0,0
55,B,1,0,1,5/28/2015,6/9/2015,Kara,0,0,0,0,0,0,1,0,0,0,0,0,1,11,0,0,15.0,15,12,8,4,3,29,2,1,5,6,0,0,0,0,0,4,33,0,2,0,0,0,0,0,0,0,0,0,0,0,0,0,0,0,0,0,0,0,0,0,0,0,0,0,0,0,0,1,0,0,0,0,0,0,0,0
56,Forest,0,0,1,5/28/2015,6/9/2015,Kara,0,0,0,0,0,1,0,0,0,0,0,0,0,12,0,0,11.0,11,3,7,11,9,14,0,5,0,0,0,0,0,0,0,0,39,0,0,0,0,0,0,0,1,1,0,0,0,0,0,0,0,0,0,0,0,0,0,0,0,0,0,0,0,0,0,0,0,0,0,0,0,0,0,0
57,BS,1,0,1,5/28/2015,6/9/2015,Kara,0,0,1,0,0,0,29,0,0,1,2,0,0,30,2,1,14.0,1,0,5,0,2,1,0,1,12,3,0,0,0,0,0,0,77,0,0,0,0,0,0,0,0,0,0,0,0,0,0,0,0,0,0,0,0,0,0,0,0,0,0,0,0,0,0,0,0,0,0,0,0,0,0,0
58,Forest,0,0,1,5/28/2015,6/9/2015,Kara,0,1,0,0,0,0,0,0,0,0,0,0,0,16,1,4,25.0,8,1,3,12,11,6,0,1,0,15,0,0,0,0,0,0,35,0,0,0,0,0,0,0,0,0,0,0,0,0,1,0,0,2,0,0,0,0,0,0,0,0,0,0,0,0,0,1,0,0,0,0,0,0,0,0
59,B,1,1,1,5/28/2015,6/9/2015,Kara,0,1,0,0,0,0,10,0,0,0,0,0,0,11,1,1,28.0,13,10,6,14,4,15,1,26,5,12,0,0,0,0,1,0,29,0,0,0,0,0,0,0,0,0,0,0,0,0,0,0,0,0,0,0,0,0,0,0,0,0,0,0,0,0,0,2,0,0,0,0,0,0,0,0
60,Forest,0,0,1,5/28/2015,6/9/2015,Kara,0,2,0,0,0,0,4,0,0,0,0,0,0,12,0,0,20.0,27,20,22,23,33,49,1,5,2,10,0,0,0,0,0,0,28,0,0,0,0,0,0,0,0,0,0,0,0,0,0,0,0,0,0,0,0,0,0,0,0,0,0,0,0,0,0,0,0,0,0,0,0,0,0,0
61,BS,1,1,1,5/27/2015,6/9/2015,Kara,0,0,1,0,1,0,11,0,0,0,0,0,1,39,1,2,38.0,25,12,26,12,39,80,0,0,8,7,0,1,0,0,0,3,74,0,1,0,0,0,0,0,0,1,0,0,0,0,0,0,0,0,0,0,0,0,0,0,0,0,0,0,0,0,0,5,0,0,0,0,0,0,0,0
62,Forest,0,0,1,5/27/2015,6/9/2015,Kara,1,1,0,0,0,0,2,0,0,1,0,0,0,15,0,0,11.0,11,3,9,11,9,28,6,9,0,17,0,0,0,0,0,0,24,0,0,0,0,0,0,0,0,0,0,0,0,0,0,0,0,0,0,0,0,0,0,0,0,0,0,0,0,0,0,0,0,0,0,0,0,0,0,0
63,B,1,0,1,5/27/2015,6/9/2015,Kara,0,0,0,1,0,0,2,0,0,3,0,0,1,75,0,2,29.0,56,6,4,23,12,9,1,5,4,42,0,0,0,0,0,2,82,0,0,0,0,0,0,0,0,0,0,0,0,0,0,0,0,0,1,0,0,0,0,0,0,0,0,0,0,0,0,0,0,0,0,0,0,0,0,0
64,Forest,0,0,1,5/27/2015,6/9/2015,Kara,0,1,1,0,1,0,9,0,0,0,0,0,0,1,0,6,26.0,33,0,4,11,5,2,0,6,2,10,0,0,0,0,0,1,9,0,1,0,0,0,0,0,0,0,0,0,0,0,0,0,0,0,0,0,0,0,0,0,0,0,0,0,0,0,0,1,0,0,0,0,0,0,0,0
1,Light,1,0,2,6/10/2015,6/23/2015,Di,0,6,0,0,0,0,7,0,10,4,0,0,1,10,0,0,526.0,29,0,208,27,174,18,0,4,3,17,1,0,1,0,0,1,13,2,0,1,0,0,0,0,0,2,1,0,1,0,0,0,0,0,0,0,0,0,0,0,0,0,0,0,0,0,0,0,0,0,0,0,0,0,0,0
2,Control,0,0,2,6/10/2015,6/23/2015,Di,0,1,0,0,1,0,0,0,0,1,0,0,0,11,0,0,54.0,23,0,22,6,27,4,0,9,3,5,0,0,0,0,0,1,9,0,1,0,0,0,1,0,0,0,0,0,0,0,0,0,0,0,0,0,0,0,0,0,0,0,0,0,0,0,0,0,0,0,0,0,0,0,0,0
3,Veg,0,1,2,6/10/2015,6/23/2015,Di,0,7,0,0,2,0,1,1,0,0,1,0,0,10,0,0,333.0,63,13,586,78,330,41,1,2,6,33,0,0,0,8,0,1,11,0,1,1,0,0,0,0,0,2,0,0,0,0,0,0,0,0,0,0,0,0,0,0,0,0,0,0,0,0,0,0,0,0,0,0,0,0,0,0
4,Control,0,0,2,6/10/2015,6/23/2015,Di,0,10,0,0,1,0,1,0,0,2,0,0,0,8,3,0,364.0,16,1,73,17,44,10,0,13,19,10,0,0,0,0,0,1,7,0,1,0,0,0,0,0,0,3,0,0,0,0,0,0,0,0,0,0,0,0,0,0,0,0,0,0,0,0,0,1,0,0,0,0,0,0,0,0
5,Veg,0,1,2,6/10/2015,6/23/2015,Di,0,4,0,0,0,0,2,0,0,2,0,0,1,11,4,0,116.0,29,4,98,18,98,20,0,5,5,5,4,0,0,0,0,0,6,0,0,0,0,0,0,0,0,0,1,0,0,0,0,0,0,0,0,0,0,0,0,0,0,0,0,0,0,0,0,1,0,0,0,1,0,0,0,1
6,Light,1,0,2,6/10/2015,6/23/2015,Di,0,1,0,0,0,0,1,0,1,7,0,0,13,29,0,0,139.0,8,0,81,20,15,3,0,23,2,13,0,0,0,0,0,0,7,1,1,0,0,0,0,0,0,0,1,0,0,0,0,0,0,0,0,0,0,0,0,0,0,0,0,0,0,0,0,0,0,0,0,0,0,0,0,0
7,Light+Veg,1,1,2,6/10/2015,6/23/2015,Di,0,4,0,0,0,0,0,0,0,0,0,0,0,12,0,1,103.0,15,10,43,10,14,4,0,13,4,7,0,0,0,1,0,0,9,0,1,0,0,0,0,0,0,1,0,0,1,0,0,0,0,0,0,0,0,0,0,0,0,0,0,0,0,0,0,0,0,0,0,0,0,0,0,0
8,Light+Veg,1,1,2,6/10/2015,6/23/2015,Di,0,3,1,0,0,0,4,0,1,1,0,0,2,21,3,0,220.0,23,2,64,24,30,6,0,14,6,9,0,1,0,0,0,0,2,0,0,0,0,0,0,0,0,0,0,0,0,0,0,0,1,0,0,0,0,0,0,0,1,0,0,0,0,0,0,0,0,0,0,0,0,0,0,0
9,Veg,0,1,2,6/10/2015,6/23/2015,Di,1,2,0,0,2,0,5,0,0,3,0,0,0,16,0,1,55.0,59,12,29,30,39,21,0,11,5,4,0,0,0,0,0,2,3,0,0,0,0,0,0,0,0,0,0,0,0,0,0,0,0,0,0,0,0,0,0,0,0,0,0,0,0,0,0,0,0,0,0,0,0,0,0,0
10,Light+Veg,1,1,2,6/10/2015,6/23/2015,Di,0,2,1,0,3,0,0,0,2,3,0,0,0,10,1,0,112.0,16,4,22,54,62,11,0,8,6,8,0,0,0,0,0,14,0,0,0,0,0,0,0,0,0,1,0,0,0,0,0,0,0,0,0,0,0,0,0,0,0,0,0,0,0,0,0,0,0,0,0,0,0,0,0,0
11,Control,0,0,2,6/10/2015,6/23/2015,Di,1,8,1,0,0,0,2,0,0,0,0,0,0,12,1,1,97.0,37,8,75,178,87,18,0,8,4,8,0,0,0,0,0,1,1,1,0,0,0,0,0,0,0,0,3,0,0,0,0,0,0,0,0,0,0,0,0,0,0,0,0,0,0,0,0,0,0,0,0,0,0,0,0,0
12,Light+Veg,1,1,2,6/10/2015,6/23/2015,Di,1,10,0,0,1,0,5,2,0,2,0,0,0,15,0,0,514.0,50,18,99,124,95,12,1,8,1,2,0,1,1,0,0,2,4,0,1,0,1,0,4,0,0,1,18,0,0,0,0,0,0,0,0,0,0,0,0,0,0,0,0,0,0,0,0,1,0,0,0,0,0,0,0,0
13,Veg,0,1,2,6/10/2015,6/24/2015,Di,1,5,0,0,1,0,3,0,0,2,0,0,0,10,2,0,21.0,21,23,87,21,142,16,0,11,7,4,0,0,2,0,0,3,3,0,0,0,0,0,0,0,0,3,0,0,0,0,0,0,0,0,0,0,0,0,0,0,0,0,0,0,0,0,0,5,0,0,0,0,0,0,0,0
14,Light,1,0,2,6/10/2015,6/24/2015,Di,6,5,0,0,1,0,20,0,2,5,1,0,0,20,1,0,67.0,38,10,109,60,28,19,0,10,21,4,1,0,0,0,0,3,12,0,0,2,0,0,0,0,0,1,0,0,0,0,0,0,0,0,0,0,0,0,0,0,0,0,0,0,0,0,0,0,0,0,0,0,0,0,5,0
15,Light,1,0,2,6/10/2015,6/24/2015,Di,0,5,0,0,0,0,3,0,4,3,0,0,0,10,1,1,80.0,25,0,78,18,67,8,0,27,3,10,0,1,2,0,0,1,4,0,0,0,0,0,0,0,0,0,0,0,0,0,0,0,0,0,0,0,0,0,0,0,0,0,0,0,0,0,0,0,0,0,0,0,0,0,0,0
16,Veg,0,1,2,6/10/2015,6/24/2015,Di,0,3,0,1,0,0,1,0,0,2,0,0,0,4,1,0,75.0,44,0,46,18,122,30,1,10,7,7,0,1,0,0,0,3,5,0,0,0,0,0,0,0,0,0,0,0,0,0,0,0,0,0,0,0,0,0,0,0,0,0,0,0,0,0,0,0,0,0,0,0,0,0,0,0
17,Light,1,0,2,6/10/2015,6/24/2015,Di,0,4,0,0,0,0,0,0,0,0,0,0,7,10,0,0,23.0,35,0,13,0,7,3,0,0,6,4,0,0,0,0,0,0,0,0,0,0,0,0,0,0,0,0,0,0,0,0,0,0,0,0,0,0,0,0,0,0,0,0,0,0,0,0,0,0,0,0,0,0,0,0,1,0
18,Veg,0,1,2,6/10/2015,6/23/2015,Di,0,3,0,0,0,0,3,0,2,2,0,0,2,6,0,2,60.0,21,0,10,15,48,17,0,7,1,3,0,0,0,0,0,2,4,0,0,0,0,0,1,0,0,0,0,0,0,0,0,0,0,0,0,0,0,0,0,0,0,0,1,0,0,0,0,0,0,0,0,0,0,0,0,0
19,Control,0,0,2,6/10/2015,6/23/2015,Di,0,2,0,0,0,0,1,0,0,1,0,0,0,2,0,0,21.0,24,0,24,4,75,24,0,4,2,2,0,0,0,0,0,0,0,0,0,0,0,0,0,0,0,0,0,0,0,0,0,0,0,0,0,0,0,0,0,0,0,0,0,0,0,0,0,0,0,0,0,0,0,0,0,0
20,Light,1,0,2,6/10/2015,6/24/2015,Di,0,0,0,0,0,0,3,0,0,2,0,0,0,2,0,0,28.0,5,0,18,1,12,2,0,3,8,2,0,0,0,0,0,0,11,0,0,0,0,0,0,0,0,0,0,0,0,0,0,0,0,0,0,0,0,0,0,0,0,0,1,0,0,0,0,1,0,0,0,0,0,0,0,0
25,Control,0,0,2,6/10/2015,6/23/2015,Di,0,4,0,0,1,0,4,0,2,8,0,0,0,6,0,0,36.0,39,2,22,38,34,11,0,1,10,5,1,1,0,0,1,1,2,0,0,0,0,0,1,0,0,2,0,0,0,0,0,0,0,0,0,0,0,0,0,0,0,0,0,0,0,0,0,0,0,0,0,0,0,0,3,0
26,Light+Veg,1,1,2,6/10/2015,6/23/2015,Di,0,1,0,0,1,0,1,0,4,0,0,0,0,12,2,0,65.0,18,12,72,22,152,37,0,3,3,13,0,0,0,0,0,2,7,0,0,0,0,0,0,0,0,0,0,0,0,0,0,0,0,0,0,0,0,0,0,0,0,0,1,0,0,0,0,0,0,0,0,0,0,0,0,0
27,Control,0,0,2,6/10/2015,6/23/2015,Di,0,2,0,0,1,0,2,0,0,0,0,0,0,6,0,0,36.0,31,9,23,67,230,32,0,1,6,3,0,0,0,0,0,2,4,0,0,0,0,0,0,0,0,1,0,0,1,0,0,0,0,0,0,1,0,0,0,0,0,0,0,0,0,0,0,0,0,0,0,0,0,0,0,0
28,Light+Veg,1,1,2,6/10/2015,6/23/2015,Di,0,0,0,0,1,0,5,0,0,2,0,0,0,8,0,0,63.0,19,1,46,66,166,14,0,1,2,6,0,0,0,0,0,1,18,1,0,0,0,0,0,0,0,0,0,0,0,0,0,0,0,0,0,0,0,0,0,0,0,0,0,0,0,0,0,0,0,0,0,0,0,0,0,0
29,Control,0,0,2,6/10/2015,6/23/2015,Di,3,13,0,0,0,0,15,0,3,1,0,0,0,12,1,1,116.0,57,2,13,55,29,5,0,36,52,5,0,0,0,0,0,2,6,0,0,0,0,0,0,0,0,1,0,0,0,0,0,0,0,0,0,0,0,0,0,0,0,0,0,0,0,0,0,2,0,0,0,0,0,0,4,0
30,Control,0,0,2,6/10/2015,6/23/2015,Di,0,0,0,0,0,0,0,0,0,0,1,0,1,10,0,1,97.0,60,0,43,12,51,22,0,6,5,11,0,0,0,0,0,3,7,0,0,0,0,0,0,0,0,0,0,0,0,0,0,0,0,0,0,0,0,0,0,0,0,0,0,0,0,0,0,0,0,0,0,0,0,0,0,0
31,Control,0,0,2,6/10/2015,6/23/2015,Di,0,2,1,0,0,0,0,0,0,0,0,0,1,10,0,2,164.0,104,2,37,142,32,13,0,24,4,3,0,0,0,0,0,3,1,0,0,0,0,0,0,0,0,0,0,0,0,0,0,0,0,0,0,0,0,0,0,0,0,0,0,0,0,0,0,0,0,0,0,0,0,0,0,0
32,Control,0,0,2,6/10/2015,6/23/2015,Di,0,10,0,0,1,0,13,0,3,6,1,0,0,15,2,0,173.0,44,17,288,176,101,13,4,15,33,6,0,0,0,0,0,0,1,0,0,0,0,0,0,0,0,0,0,0,0,0,0,0,0,0,0,0,0,0,0,0,0,0,0,0,0,0,0,0,0,0,0,0,0,0,0,0
33,Control,0,0,2,6/10/2015,6/25/2015,Di,0,2,0,0,0,0,6,0,0,0,0,0,0,9,0,0,81.0,42,14,62,22,52,20,2,2,3,10,0,1,0,0,1,23,33,0,1,0,0,0,0,0,0,2,0,0,0,0,0,0,0,0,0,0,0,0,0,0,0,0,0,0,0,0,0,2,0,0,0,0,0,0,0,0
34,Control,0,0,2,6/10/2015,6/25/2015,Di,3,8,0,0,0,0,4,0,4,5,0,0,0,17,2,0,105.0,68,11,32,15,19,13,1,0,32,4,0,0,0,0,0,9,50,0,2,0,0,0,0,0,0,0,0,0,0,0,0,0,0,0,0,0,0,0,0,0,0,0,0,0,0,0,0,0,0,0,0,0,0,0,1,1
35,Control,0,0,2,6/10/2015,6/25/2015,Di,0,0,0,0,0,0,1,0,0,3,0,0,0,7,0,1,34.0,2,0,0,1,4,2,0,0,2,0,0,0,0,0,0,1,10,0,0,0,0,0,0,0,0,0,0,0,0,0,0,0,0,0,0,0,0,0,0,0,0,0,0,0,0,0,0,2,0,0,0,0,0,0,0,0
36,Control,0,0,2,6/10/2015,6/25/2015,Di,0,0,0,0,0,0,5,0,1,7,0,0,0,14,0,0,72.0,69,0,9,20,4,2,0,4,5,17,0,0,0,0,0,10,16,0,1,0,0,0,0,0,0,0,0,0,0,0,0,0,0,0,0,1,0,0,0,0,0,0,0,0,0,0,0,1,0,0,0,0,0,0,0,0
37,Control,0,0,2,6/10/2015,6/23/2015,Di,0,1,0,0,0,0,2,0,1,1,0,0,1,5,0,0,26.0,16,6,7,20,51,4,0,3,7,5,0,0,0,0,0,2,0,0,0,0,0,0,0,0,0,0,0,0,0,0,0,0,0,0,0,0,0,0,0,0,0,0,0,0,0,0,0,0,0,0,0,0,0,0,0,0
38,Control,0,0,2,6/10/2015,6/23/2015,Di,0,0,0,0,0,0,0,0,0,0,0,0,0,1,0,0,11.0,2,0,1,0,2,0,0,0,0,0,0,0,0,0,0,0,0,0,0,0,0,0,0,0,0,0,0,0,0,0,0,0,0,0,0,0,0,0,0,0,0,0,0,0,0,0,0,0,0,0,0,0,0,0,0,0
39,Control,0,0,2,6/10/2015,6/23/2015,Di,0,1,1,0,1,0,6,0,2,5,0,1,0,10,1,0,72.0,50,16,117,60,107,23,0,10,10,14,0,0,0,3,0,2,2,0,0,0,0,0,0,0,0,0,0,0,0,0,0,0,0,0,0,0,0,0,0,0,0,0,0,0,0,0,0,0,0,0,0,0,0,0,2,0
40,Control,0,0,2,6/10/2015,6/23/2015,Di,0,1,0,0,0,0,6,0,4,3,0,0,9,7,1,0,26.0,12,1,9,7,10,5,0,3,0,9,0,0,0,0,0,0,0,0,0,0,0,0,0,0,0,0,0,0,0,0,0,0,0,0,0,0,0,0,0,0,0,0,0,0,0,0,0,0,0,0,0,0,0,0,0,0
41,Forest,0,0,2,6/9/2015,6/25/2015,Di,1,4,0,0,2,0,0,0,0,0,0,0,0,3,0,0,12.0,15,0,0,19,17,1,2,0,0,0,0,0,0,0,0,0,31,0,0,0,0,0,0,0,0,0,0,0,0,0,0,0,0,0,0,0,0,0,0,0,0,0,0,0,0,0,0,0,0,0,0,0,0,0,0,0
42,BS,1,1,2,6/9/2015,6/24/2015,Di,0,0,0,0,0,0,17,0,0,0,0,0,0,17,9,0,38.0,3,0,510,15,123,13,0,0,0,2,0,1,0,0,1,0,96,1,0,0,0,0,1,0,0,3,0,0,0,0,0,0,0,0,0,0,1,0,0,0,0,0,0,0,0,0,0,1,0,0,0,0,0,0,0,0
43,B,1,0,2,6/9/2015,6/24/2015,Di,0,0,0,0,0,0,5,0,0,1,0,0,0,12,2,0,74.0,38,3,55,10,116,37,0,1,1,4,0,0,0,0,1,0,91,0,1,0,0,0,0,0,0,0,1,0,0,0,0,0,0,0,0,0,0,0,0,0,0,0,0,0,0,0,0,1,0,0,0,0,0,0,0,0
44,Forest,0,0,2,6/9/2015,6/24/2015,Di,0,0,0,0,0,0,1,0,0,1,0,0,0,15,0,0,46.0,38,1,27,18,94,19,0,7,7,5,0,0,0,0,1,0,36,0,0,0,0,0,0,0,0,0,0,0,0,0,0,0,0,0,0,0,0,0,0,0,0,0,0,0,0,0,0,0,0,0,0,0,0,0,0,0
45,Forest,0,0,2,6/10/2015,6/24/2015,Di,0,3,0,0,1,0,2,0,2,1,0,0,2,7,2,0,66.0,19,1,10,5,29,7,0,0,13,3,0,0,0,0,0,0,15,0,0,0,0,0,1,0,0,0,0,0,0,0,0,0,0,0,0,0,0,0,0,0,0,0,0,0,0,1,0,0,0,0,0,0,0,0,0,0
46,BS,1,1,2,6/10/2015,6/24/2015,Di,0,1,1,0,0,0,4,0,0,2,0,0,0,10,2,0,73.0,32,3,26,32,43,28,0,3,8,8,0,0,0,0,0,1,12,0,0,0,0,0,0,0,0,0,0,0,0,0,0,0,0,0,0,0,0,0,0,0,0,0,0,0,0,0,0,0,0,0,0,0,0,0,0,0
47,B,1,0,2,6/10/2015,6/24/2015,Di,0,3,0,0,2,0,10,0,0,0,0,0,1,6,0,1,92.0,100,5,16,62,72,13,0,1,3,3,0,0,0,0,0,1,23,0,1,0,0,0,0,0,0,1,0,0,0,0,0,0,0,0,0,0,0,0,0,0,0,0,0,0,0,0,0,0,0,0,0,0,0,0,0,0
48,Forest,0,0,2,6/10/2015,6/24/2015,Di,1,9,1,0,0,0,5,0,0,3,0,0,0,3,0,1,29.0,56,3,44,33,117,16,0,0,11,0,0,0,0,0,0,0,15,0,0,0,0,0,0,0,0,0,0,0,0,0,0,0,0,0,0,1,0,0,0,0,0,0,0,0,0,0,0,0,0,0,0,0,0,0,0,0
49,BS,1,1,2,6/9/2015,6/24/2015,Di,0,0,0,0,0,0,0,0,0,1,0,0,2,18,2,0,6.0,4,0,7,0,6,0,0,6,13,3,0,0,0,0,0,0,37,0,0,0,0,0,0,0,0,0,1,0,0,0,0,0,0,0,0,0,0,0,0,0,0,0,0,0,0,0,0,0,0,0,0,0,0,0,0,0
50,Forest,0,0,2,6/9/2015,6/24/2015,Di,0,5,0,0,0,0,21,0,4,0,0,0,5,21,1,1,110.0,43,0,18,11,64,13,0,1,12,6,0,0,0,0,0,1,49,0,0,0,0,0,1,0,0,2,0,0,0,0,0,0,0,0,0,0,0,0,0,0,0,0,1,0,0,0,0,0,0,0,0,0,0,0,2,0
51,B,1,0,2,6/9/2015,6/24/2015,Di,1,9,0,0,0,0,7,0,2,0,0,0,0,6,3,0,65.0,57,2,1,7,4,6,0,0,32,22,0,1,0,0,0,0,22,0,0,0,0,0,0,0,0,0,0,0,1,0,0,0,0,0,0,0,0,0,0,0,0,0,0,0,0,0,0,2,0,0,0,0,0,0,2,0
52,Forest,0,0,2,6/9/2015,6/24/2015,Di,0,14,0,1,0,0,10,0,1,2,0,0,0,5,1,1,45.0,66,0,14,11,15,26,0,2,53,13,0,0,0,0,0,2,47,0,0,0,0,0,0,0,0,2,0,0,0,0,0,0,0,0,0,0,0,0,0,0,0,0,0,0,0,0,0,1,0,0,0,0,0,0,0,0
53,BS,1,1,2,6/9/2015,6/25/2015,Di,0,1,0,0,0,0,34,1,0,4,4,0,0,20,0,0,34.0,11,0,0,0,1,5,0,9,17,17,0,0,0,0,0,1,135,6,0,0,0,0,0,0,0,0,0,0,0,0,0,0,0,0,0,0,0,0,0,0,0,0,0,0,0,0,0,5,0,0,0,0,0,0,2,0
54,Forest,0,0,2,6/9/2015,6/25/2015,Di,0,0,0,0,0,0,4,0,0,0,0,0,0,2,0,1,48.0,74,1,16,7,41,17,0,141,1,7,0,0,0,0,0,0,5,8,0,0,0,0,0,0,0,0,0,0,0,0,0,0,0,0,0,0,0,0,0,0,0,0,0,0,0,0,0,2,0,0,0,0,0,0,0,0
55,B,1,0,2,6/9/2015,6/25/2015,Di,0,0,0,1,0,0,2,0,0,0,0,0,0,10,0,0,54.0,20,22,11,21,81,29,0,60,2,13,0,0,0,0,0,1,44,0,2,0,0,0,0,0,0,0,0,0,0,0,0,0,0,0,0,0,1,0,0,0,0,0,0,0,0,0,0,4,0,0,0,0,0,0,0,0
56,Forest,0,0,2,6/9/2015,6/25/2015,Di,0,2,0,0,0,0,3,0,1,2,0,0,0,17,0,0,63.0,46,0,1,15,29,13,1,37,0,4,0,0,0,0,0,3,47,0,0,0,0,0,0,0,0,0,0,0,0,0,0,0,0,0,0,0,0,0,0,0,0,0,0,0,0,0,0,4,0,0,0,0,0,0,0,0
57,BS,1,0,2,6/9/2015,6/25/2015,Di,0,3,0,0,1,0,11,0,1,1,0,0,0,9,0,1,20.0,4,0,4,0,21,17,0,2,8,2,0,1,0,0,0,0,55,1,0,0,0,0,0,0,0,0,1,0,2,0,0,0,0,0,0,0,0,0,0,0,0,0,0,0,0,0,0,3,0,0,0,0,0,0,0,0
58,Forest,0,0,2,6/9/2015,6/25/2015,Di,0,1,0,0,2,0,7,0,0,6,0,0,0,4,0,2,97.0,33,3,16,33,67,26,0,5,1,5,0,0,0,0,1,1,42,0,0,0,0,0,0,0,0,0,0,0,0,0,0,0,0,0,0,0,0,0,0,0,0,0,0,0,0,0,0,1,0,0,0,0,0,0,0,0
59,B,1,1,2,6/9/2015,6/25/2015,Di,0,1,0,0,0,0,8,0,0,0,0,0,0,4,0,0,105.0,119,4,30,16,31,9,1,88,3,26,0,0,0,0,2,1,58,2,0,0,0,0,0,0,0,0,0,0,0,0,0,0,0,0,0,0,0,0,0,0,0,0,0,0,0,0,0,1,0,0,0,0,0,0,0,0
60,Forest,0,0,2,6/9/2015,6/25/2015,Di,0,0,0,0,0,0,8,0,0,4,0,0,0,0,0,1,30.0,67,1,9,49,23,16,0,37,0,5,0,0,0,0,0,2,10,0,0,0,0,0,0,0,0,1,0,0,2,0,0,0,0,0,0,0,0,0,0,0,0,0,0,0,0,0,0,1,0,0,0,0,0,0,0,0
61,BS,1,1,2,6/9/2015,6/25/2015,Di,2,0,0,0,0,0,17,0,0,1,0,0,0,12,0,1,40.0,32,0,7,5,19,28,1,5,10,8,0,0,0,0,0,0,82,0,0,0,0,0,0,0,0,1,0,0,0,0,0,0,0,0,0,0,0,0,0,0,0,0,0,0,0,0,0,4,0,0,0,0,0,0,1,0
62,Forest,0,0,2,6/9/2015,6/25/2015,Di,0,2,4,0,0,0,14,0,3,4,0,0,0,5,0,0,62.0,79,1,5,6,38,17,0,7,8,4,0,0,0,0,1,0,11,0,0,0,0,0,0,0,0,1,0,0,0,0,0,0,0,0,0,0,0,0,0,0,0,0,1,0,0,0,0,0,0,0,0,0,0,0,0,0
63,B,1,0,2,6/9/2015,6/25/2015,Di,0,0,2,0,0,0,7,0,0,1,0,0,0,25,0,0,39.0,135,1,27,9,19,85,0,4,7,14,0,0,0,0,0,1,49,1,2,0,0,0,0,0,0,1,1,0,0,0,0,0,0,0,0,0,0,0,0,0,0,0,0,0,0,0,0,2,0,0,0,0,0,0,0,0
64,Forest,0,0,2,6/9/2015,6/25/2015,Di,0,1,0,0,0,0,6,0,1,1,0,0,0,5,0,2,39.0,7,0,12,11,7,6,0,38,4,37,0,0,0,0,0,0,13,0,0,0,0,0,0,0,0,1,0,0,0,0,0,0,1,0,0,0,0,0,0,0,0,0,0,0,0,0,0,2,0,0,0,0,0,0,0,0
1,Light,1,0,3,6/23/2015,7/7/2015,Kara,2,6,0,0,1,0,7,0,0,12,0,0,0,8,1,0,521.0,25,0,65,7,47,12,0,5,3,16,0,0,0,0,0,0,2,0,0,0,0,0,0,0,0,1,2,0,0,0,0,0,0,0,0,0,0,0,0,0,0,0,0,0,0,0,0,0,0,0,0,0,0,0,0,0
2,Control,0,0,3,6/23/2015,7/7/2015,Kara,0,3,0,0,1,0,2,0,0,7,0,0,0,5,3,0,88.0,34,0,8,8,42,2,0,7,4,5,0,0,1,1,0,1,1,0,1,1,0,0,0,0,0,2,0,2,0,0,0,0,0,0,0,0,0,0,0,0,0,0,0,0,0,0,0,0,0,0,0,0,0,0,0,0
3,Veg,0,1,3,6/23/2015,7/7/2015,Kara,0,3,0,0,1,0,1,0,0,5,0,0,0,6,5,0,156.0,11,0,55,9,56,28,1,2,6,5,0,1,1,3,0,1,3,0,0,0,0,0,0,0,0,1,3,0,0,0,0,0,0,0,0,0,0,0,0,0,0,0,0,0,0,0,0,0,0,0,0,0,0,0,0,0
4,Control,0,0,3,6/23/2015,7/7/2015,Kara,0,7,0,0,0,0,1,1,0,5,0,0,0,6,6,0,489.0,38,0,3,9,7,15,0,9,4,8,0,0,0,0,0,1,2,0,0,0,0,0,0,0,0,1,0,0,0,0,0,0,0,0,0,0,0,0,0,0,0,0,0,0,0,0,0,0,0,0,0,0,0,0,0,1
5,Veg,0,1,3,6/23/2015,7/7/2015,Kara,0,2,0,0,0,0,2,0,1,2,0,0,0,16,9,1,157.0,34,1,38,26,182,20,0,4,4,13,0,1,0,0,0,0,1,0,0,0,0,0,0,0,0,0,5,0,0,0,0,0,0,0,0,0,0,0,0,0,0,0,0,1,0,0,0,0,0,0,0,0,0,0,0,0
6,Light,1,0,3,6/23/2015,7/7/2015,Kara,0,3,0,0,1,0,6,0,0,9,0,0,11,11,0,0,246.0,10,1,136,34,42,3,0,7,8,9,0,0,0,0,0,1,1,0,0,0,0,0,0,0,0,0,12,0,0,0,0,0,0,0,0,0,0,0,0,0,0,0,0,0,0,0,0,1,0,0,0,0,0,0,0,0
7,Light+Veg,1,1,3,6/23/2015,7/7/2015,Kara,1,0,0,0,0,0,0,0,0,0,0,0,2,6,6,0,297.0,50,1,83,13,40,3,0,2,0,10,0,0,0,0,0,0,1,0,0,0,0,0,0,0,0,0,16,0,0,0,0,0,0,0,0,0,0,0,0,0,0,0,0,0,0,0,0,0,0,0,0,0,0,0,0,0
8,Light+Veg,1,1,3,6/23/2015,7/7/2015,Kara,1,9,0,0,1,0,3,0,0,6,0,0,0,16,2,0,242.0,14,0,34,10,36,6,0,16,2,23,0,0,1,0,0,0,1,0,0,1,0,0,0,0,0,0,2,0,0,0,0,0,0,0,0,0,0,0,0,0,0,0,0,0,0,0,0,0,0,0,0,0,0,0,0,0
9,Veg,0,1,3,6/23/2015,7/7/2015,Kara,0,5,0,0,1,0,6,0,0,4,0,0,0,7,1,0,98.0,35,1,3,38,24,11,0,20,10,2,0,0,0,0,0,3,1,0,0,0,0,0,0,0,0,0,0,0,0,0,0,0,0,0,0,0,0,0,0,0,0,0,0,0,0,0,0,0,0,0,0,0,0,0,0,0
10,Light+Veg,1,1,3,6/23/2015,7/7/2015,Kara,0,2,0,1,0,0,11,0,0,5,0,0,1,8,2,0,178.0,16,4,29,44,22,17,0,13,4,24,4,1,0,0,0,3,2,1,0,0,0,0,0,0,0,2,12,0,0,0,0,0,0,0,0,0,0,0,0,0,0,0,0,0,0,0,0,0,0,0,0,0,0,0,0,0
11,Control,0,0,3,6/23/2015,7/7/2015,Kara,0,0,0,0,0,0,4,0,0,3,0,0,0,4,0,0,92.0,5,1,13,117,22,11,1,4,0,13,0,1,0,0,0,10,3,0,0,0,0,0,0,0,0,0,0,0,0,0,0,0,0,0,0,0,0,0,0,0,0,0,0,0,0,0,0,0,0,0,0,0,0,0,0,0
12,Light+Veg,1,1,3,6/23/2015,7/7/2015,Kara,1,3,0,0,0,0,6,0,0,6,0,0,1,7,2,0,440.0,14,0,30,34,45,15,0,17,9,12,0,0,0,0,0,3,2,0,0,0,0,0,0,0,0,0,16,0,0,0,0,0,0,0,0,0,0,0,0,0,0,0,1,0,0,0,0,0,0,0,0,0,0,0,0,0
13,Veg,0,1,3,6/24/2015,7/7/2015,Kara,0,7,0,0,0,0,2,0,0,9,0,0,0,11,0,0,74.0,69,1,28,9,90,22,0,5,2,2,0,0,1,0,0,0,0,0,0,0,0,0,0,0,0,0,0,0,0,0,0,0,0,0,0,0,0,0,0,0,0,0,0,0,0,0,0,0,0,0,0,0,0,0,0,0
14,Light,1,0,3,6/24/2015,7/7/2015,Kara,1,13,0,0,0,0,9,0,0,3,0,0,0,4,2,0,193.0,56,0,9,35,17,16,0,3,1,2,0,1,0,0,0,0,0,0,0,0,0,0,0,0,0,0,0,0,0,0,0,0,0,0,0,0,0,0,0,0,0,0,0,0,0,0,0,0,0,0,0,0,0,0,0,0
15,Light,1,0,3,6/24/2015,7/7/2015,Kara,1,6,0,0,1,0,6,0,0,12,0,0,0,7,4,0,188.0,58,0,20,4,16,6,0,2,6,12,0,2,0,0,0,0,0,0,0,0,0,0,0,0,0,1,0,0,0,0,0,0,0,0,0,0,0,0,0,0,0,0,0,1,0,0,0,0,0,0,0,0,0,0,0,0
16,Veg,0,1,3,6/24/2015,7/7/2015,Kara,0,6,1,0,1,0,4,0,0,18,0,0,0,6,3,0,72.0,86,0,5,0,26,22,0,0,11,5,0,0,0,1,0,1,0,0,0,0,0,0,0,0,0,1,0,0,0,0,0,0,0,0,0,0,0,0,0,0,0,0,0,0,0,0,0,0,0,0,0,0,0,0,0,0
17,Light,1,0,3,6/24/2015,7/7/2015,Kara,0,2,4,0,0,0,0,0,0,0,0,0,2,1,6,0,18.0,50,0,2,0,0,1,0,0,2,0,0,0,0,0,0,0,0,0,0,0,0,0,0,0,0,0,1,0,0,0,0,0,0,0,0,0,0,0,0,0,0,0,0,0,0,0,0,0,0,0,0,0,0,0,2,0
18,Veg,0,1,3,6/23/2015,7/7/2015,Kara,1,5,0,0,0,0,6,0,0,9,0,0,2,6,1,0,77.0,48,0,4,2,26,11,0,0,6,3,0,0,0,0,0,0,0,0,0,1,0,0,0,0,0,1,0,0,0,0,0,0,0,0,0,0,0,0,0,0,0,0,0,0,0,0,0,0,0,0,0,0,0,0,0,0
19,Control,0,0,3,6/23/2015,7/7/2015,Kara,3,5,2,0,0,0,3,0,0,7,0,0,0,5,0,0,12.0,25,0,1,0,7,7,0,1,4,3,0,0,0,0,0,0,0,0,0,0,0,0,0,0,0,0,0,0,0,0,0,0,0,0,0,0,0,0,0,0,0,0,0,0,0,0,0,0,0,0,0,0,0,0,0,0
20,Light,1,0,3,6/24/2015,7/7/2015,Kara,0,0,0,0,0,0,1,0,0,3,0,0,1,3,1,1,416.0,0,11,94,17,7,3,0,0,7,9,0,0,0,0,0,1,0,0,0,0,0,0,0,0,0,0,0,0,0,0,0,0,0,0,0,0,0,0,0,0,0,0,0,0,0,0,0,0,0,0,0,0,0,0,0,0
25,Control,0,0,3,6/23/2015,7/7/2015,Kara,1,6,0,0,0,1,4,0,0,8,0,0,0,3,1,0,87.0,45,1,2,20,26,26,0,0,3,0,0,0,1,0,0,0,0,0,0,0,0,0,0,0,0,0,0,0,0,0,0,0,0,0,0,0,0,0,0,0,0,0,0,0,0,0,0,0,0,0,0,0,0,0,0,0
26,Light+Veg,1,1,3,6/23/2015,7/7/2015,Kara,0,11,0,0,0,1,5,0,0,5,0,0,0,6,4,0,55.0,15,1,25,13,137,27,0,1,7,8,0,1,0,0,0,0,0,0,0,0,0,0,0,0,0,0,2,0,0,0,0,0,0,0,0,0,0,0,0,0,0,0,0,0,0,0,0,0,0,0,0,0,0,0,0,0
27,Control,0,0,3,6/23/2015,7/7/2015,Kara,0,1,0,0,1,0,1,0,0,5,0,1,0,6,1,0,57.0,73,4,16,34,130,60,0,3,6,3,0,0,0,0,0,0,3,0,0,0,0,0,0,0,0,0,0,0,0,0,0,0,0,0,0,0,0,0,0,0,0,0,11,0,0,0,0,0,0,0,0,0,0,0,0,0
28,Light+Veg,1,1,3,6/23/2015,7/7/2015,Kara,1,2,0,0,1,0,4,0,0,2,0,0,0,5,0,0,77.0,9,0,6,69,24,10,0,1,5,6,0,0,0,0,0,1,1,0,0,0,0,0,0,0,0,0,1,0,0,0,0,0,0,0,0,0,0,0,0,0,0,1,0,0,0,0,0,0,0,0,0,0,0,0,0,0
29,Control,0,0,3,6/23/2015,7/7/2015,Kara,0,3,0,0,1,1,6,0,0,1,0,0,0,6,1,0,115.0,21,1,4,38,14,6,0,8,2,4,0,0,0,0,0,0,1,0,0,1,0,0,0,0,0,0,1,0,0,0,0,0,0,0,0,0,0,0,0,0,0,0,0,0,0,0,0,0,0,0,0,0,0,0,0,0
30,Control,0,0,3,6/23/2015,7/7/2015,Kara,0,2,0,0,0,0,1,0,0,4,0,0,0,2,0,0,93.0,20,0,6,2,36,17,0,2,3,0,0,0,0,0,0,0,2,0,0,0,0,0,0,0,0,0,0,0,0,0,0,0,0,0,0,0,0,0,0,0,0,0,0,0,0,0,0,0,0,0,0,0,0,0,1,0
31,Control,0,0,3,6/23/2015,7/7/2015,Kara,0,0,0,0,1,0,3,0,0,2,0,0,1,5,1,0,160.0,25,0,8,37,13,1,0,5,2,1,0,0,0,0,1,3,0,0,0,1,0,0,0,0,0,0,0,0,0,0,0,0,0,0,0,0,0,0,0,0,0,0,0,0,0,0,0,0,0,0,0,0,0,0,0,0
32,Control,0,0,3,6/23/2015,7/7/2015,Kara,1,1,0,0,0,0,13,0,0,4,0,0,0,7,0,0,147.0,16,0,11,39,17,13,1,1,7,2,0,0,0,1,0,4,0,0,0,0,0,0,0,0,0,1,0,0,0,0,0,0,0,0,0,0,0,0,0,0,0,0,0,0,0,0,0,0,0,0,0,0,0,0,0,0
33,Control,0,0,3,6/25/2015,7/7/2015,Kara,0,1,0,0,0,0,1,0,0,6,0,0,0,6,1,1,49.0,30,4,7,2,9,17,0,1,8,3,0,0,0,0,0,10,0,0,0,0,0,0,0,0,0,3,0,0,0,0,0,0,0,0,0,0,0,0,0,0,0,0,0,0,0,0,0,0,0,0,0,0,0,0,0,0
34,Control,0,0,3,6/25/2015,7/7/2015,Kara,0,4,0,0,0,0,1,0,0,2,0,0,0,0,0,1,30.0,120,0,7,2,10,3,0,1,6,0,0,1,0,0,0,0,0,0,0,0,0,0,0,0,0,0,0,0,0,0,0,0,0,0,0,0,0,0,0,0,0,0,0,0,0,0,0,0,0,0,0,0,0,0,0,0
35,Control,0,0,3,6/25/2015,7/7/2015,Kara,0,0,0,0,0,1,0,0,0,1,0,0,0,0,1,0,62.0,62,8,10,7,20,9,0,0,1,5,0,0,0,0,0,3,0,0,0,0,0,0,0,0,0,0,1,0,0,0,0,0,0,0,0,0,0,0,0,0,0,0,0,0,0,0,0,0,0,0,0,0,0,0,0,0
36,Control,0,0,3,6/25/2015,7/7/2015,Kara,0,1,0,0,0,0,9,0,0,0,0,0,0,5,0,0,92.0,50,0,1,15,8,12,0,1,7,2,0,0,0,0,0,7,0,0,0,0,0,0,0,0,0,2,0,0,0,0,0,0,0,0,0,0,0,0,0,0,0,0,0,0,0,0,0,0,0,0,0,0,0,0,0,0
37,Control,0,0,3,6/23/2015,7/7/2015,Kara,0,0,0,0,0,0,2,0,0,4,0,0,0,4,0,0,34.0,91,1,2,3,34,13,0,0,2,8,0,0,0,0,0,0,0,0,0,0,0,0,0,0,0,0,1,0,0,0,0,0,0,0,0,0,0,0,0,0,0,0,0,0,0,0,0,0,0,0,0,0,0,0,0,0
38,Control,0,0,3,6/23/2015,7/7/2015,Kara,0,0,0,0,0,0,0,0,0,0,0,0,0,2,0,0,16.0,3,0,13,1,0,0,0,0,1,1,0,0,0,0,0,0,0,0,0,0,0,0,0,0,0,0,0,0,0,0,0,0,0,0,0,0,0,0,0,0,0,0,0,0,0,0,0,0,0,0,0,0,0,0,0,0
39,Control,0,0,3,6/23/2015,7/7/2015,Kara,0,2,0,0,0,0,7,0,0,8,0,0,2,14,4,0,32.0,99,1,63,8,27,12,0,5,5,10,0,0,2,0,0,0,0,0,0,0,0,0,0,0,13,0,0,0,0,0,0,0,0,0,0,0,0,0,0,0,0,0,0,0,0,0,0,0,0,0,0,0,0,0,0,0
40,Control,0,0,3,6/23/2015,7/7/2015,Kara,0,7,3,0,0,0,4,0,0,12,0,0,8,4,3,0,41.0,149,0,7,0,21,2,0,0,2,14,0,0,0,0,0,0,0,0,0,0,0,0,0,0,0,1,0,0,0,0,0,0,0,0,0,0,0,0,0,0,0,0,0,0,0,0,0,0,0,0,0,0,0,0,0,0
41,Forest,0,0,3,6/25/2015,7/8/2015,Kara,0,0,0,0,0,0,1,0,0,0,0,0,0,1,0,0,5.0,10,0,2,4,3,4,0,0,1,0,0,0,0,0,0,0,0,0,0,0,0,0,0,0,0,0,0,0,0,0,0,0,0,0,0,0,0,0,0,0,0,0,0,0,0,0,0,0,0,0,0,0,0,0,0,0
42,BS,1,1,3,6/24/2015,7/8/2015,Kara,0,0,1,0,0,0,7,0,0,0,0,0,0,8,1,0,36.0,9,0,277,20,244,54,0,0,1,6,0,3,0,0,0,0,3,0,0,0,0,0,0,0,0,2,0,0,0,0,0,0,0,0,0,0,0,0,0,0,0,0,0,0,0,0,0,1,0,0,0,0,0,0,0,0
43,B,1,0,3,6/24/2015,7/8/2015,Kara,0,0,1,0,0,0,3,0,0,0,0,0,0,1,2,0,52.0,40,4,47,1,91,23,0,0,1,1,0,0,0,0,0,0,3,0,0,0,0,0,0,0,0,0,0,0,0,0,0,0,0,0,0,0,0,0,0,0,0,0,0,0,0,0,0,0,0,0,0,0,0,0,0,0
44,Forest,0,0,3,6/24/2015,7/8/2015,Kara,0,1,0,0,0,0,0,0,0,0,0,0,0,1,0,0,17.0,15,0,2,1,7,7,0,0,2,0,0,0,0,0,0,0,0,0,0,0,0,0,0,0,0,0,0,0,0,0,0,0,0,0,0,0,0,0,0,0,0,0,0,0,0,0,0,0,0,0,0,0,0,0,0,0
45,Forest,0,0,3,6/24/2015,7/8/2015,Kara,2,2,0,0,0,0,3,0,3,2,0,0,0,8,0,0,85.0,31,1,12,6,13,2,0,0,1,2,0,0,0,0,0,5,2,0,0,0,0,0,0,0,0,0,0,0,0,0,0,0,0,0,0,0,0,0,0,0,0,0,0,0,0,0,0,0,0,0,0,0,0,0,0,0
46,BS,1,1,3,6/24/2015,7/8/2015,Kara,2,3,0,0,0,0,8,0,0,2,0,0,0,8,0,0,69.0,55,10,30,29,23,30,0,1,5,4,0,0,0,0,0,0,3,0,0,0,0,0,0,0,0,0,0,0,0,0,0,0,0,0,0,0,0,0,0,0,0,0,0,0,0,0,0,0,0,0,0,0,0,0,2,0
47,B,1,0,3,6/24/2015,7/8/2015,Kara,0,8,0,0,0,0,9,0,0,1,0,0,2,3,2,0,54.0,119,0,6,9,19,7,1,1,1,0,0,0,0,0,0,0,3,0,0,0,0,0,0,0,0,0,0,0,0,0,0,0,0,0,0,0,0,0,0,0,0,0,0,0,0,0,0,1,0,0,0,0,0,0,0,0
48,Forest,0,0,3,6/24/2015,7/8/2015,Kara,0,8,0,0,0,0,7,1,0,2,0,0,0,1,1,0,23.0,78,3,8,52,27,40,0,1,4,1,0,0,0,0,0,0,4,0,0,0,0,0,0,0,0,3,0,1,0,0,0,0,0,0,0,0,0,0,0,0,0,0,0,0,0,0,0,0,0,0,0,0,0,0,0,0
49,BS,1,1,3,6/24/2015,7/8/2015,Kara,0,1,1,0,0,0,1,0,0,0,0,0,0,10,3,0,26.0,78,0,7,0,9,0,0,3,7,0,0,0,0,0,0,0,0,0,0,0,0,0,0,0,0,0,8,0,0,0,0,0,0,0,0,0,0,0,0,0,0,1,0,0,0,0,0,0,0,0,0,0,0,0,0,1
50,Forest,0,0,3,6/24/2015,7/8/2015,Kara,0,8,0,0,1,0,3,0,0,8,0,0,2,8,0,0,45.0,43,0,0,2,4,3,0,0,8,4,0,0,0,0,0,1,3,0,0,0,0,0,0,0,0,0,0,0,0,0,0,0,0,0,0,0,0,0,0,0,0,0,0,0,0,0,0,0,0,0,0,0,0,0,0,0
51,B,1,0,3,6/24/2015,7/8/2015,Kara,1,12,1,0,0,0,8,0,0,8,0,0,0,4,1,0,97.0,193,4,3,18,3,6,0,5,4,5,0,0,0,0,0,0,1,0,0,0,0,0,0,0,0,1,0,0,0,1,0,0,0,0,0,0,0,0,0,0,0,0,0,0,0,0,0,0,0,0,0,0,0,0,0,0
52,Forest,0,0,3,6/24/2015,7/8/2015,Kara,0,9,0,0,1,0,9,0,0,5,1,0,0,3,0,0,68.0,160,2,19,16,19,25,0,0,6,5,0,0,0,0,0,0,5,0,0,0,0,0,0,0,0,0,0,0,0,0,0,0,0,0,0,0,0,0,0,0,0,0,0,0,0,0,0,0,0,0,0,0,0,0,0,0
53,BS,1,1,3,6/25/2015,7/8/2015,Kara,0,7,0,0,0,0,19,2,0,2,0,0,0,4,5,0,82.0,73,0,0,0,3,6,0,0,14,12,0,0,0,0,0,0,0,0,0,0,0,0,0,0,0,0,0,0,0,0,0,0,0,0,0,0,0,0,0,0,0,0,0,0,0,0,0,0,0,0,0,0,0,0,0,0
54,Forest,0,0,3,6/25/2015,7/8/2015,Kara,0,5,0,0,1,0,2,0,0,0,0,0,0,3,0,0,45.0,56,0,0,0,6,3,0,1,6,0,0,0,0,0,0,0,0,0,1,0,0,0,0,0,0,0,0,0,0,0,0,0,0,0,0,0,0,0,0,0,0,0,0,0,0,0,0,0,0,0,0,0,0,0,0,0
55,B,1,0,3,6/25/2015,7/8/2015,Kara,0,3,0,0,1,0,3,0,0,0,0,0,0,4,0,0,64.0,63,7,15,1,164,83,1,0,1,6,0,0,0,0,0,3,1,0,1,0,0,0,0,0,0,0,0,0,0,0,0,0,0,0,0,0,0,0,0,0,0,0,0,0,0,0,0,0,0,0,0,0,0,0,0,0
56,Forest,0,0,3,6/25/2015,7/8/2015,Kara,0,7,0,0,0,0,4,0,0,0,0,0,0,11,2,0,120.0,325,3,6,0,29,19,0,0,15,0,0,0,0,0,0,0,0,0,0,0,0,0,0,0,0,0,0,0,0,0,0,0,0,0,0,0,0,0,0,0,0,0,0,0,0,0,0,0,0,0,0,0,0,0,0,0
57,BS,1,0,3,6/25/2015,7/8/2015,Kara,0,2,2,0,0,0,7,0,0,1,0,0,0,15,4,0,61.0,52,0,10,1,76,28,0,0,31,10,0,0,0,0,0,0,0,0,0,0,0,0,0,0,0,0,5,0,0,0,0,0,0,0,0,0,0,0,0,0,0,0,1,0,0,0,0,0,0,0,0,0,0,0,0,0
58,Forest,0,0,3,6/25/2015,7/8/2015,Kara,0,5,0,0,0,1,3,0,0,2,0,0,0,8,1,0,200.0,41,0,0,16,59,38,1,0,5,1,0,0,0,0,0,1,2,0,0,0,0,0,0,0,0,0,0,0,0,0,0,0,0,0,0,0,0,0,0,0,0,0,4,0,0,0,0,0,0,0,0,0,0,0,0,0
59,B,1,1,3,6/25/2015,7/8/2015,Kara,3,10,0,0,0,0,5,0,0,3,0,0,0,1,0,0,110.0,181,1,11,24,58,22,0,4,5,14,0,0,0,0,0,0,2,0,0,0,0,0,0,0,0,0,0,0,0,0,0,0,0,0,0,0,0,0,0,0,0,0,0,0,0,0,0,0,0,0,0,0,0,0,0,0
60,Forest,0,0,3,6/25/2015,7/8/2015,Kara,2,10,0,0,0,0,4,0,0,1,0,0,0,4,1,0,38.0,56,0,5,9,8,20,0,0,2,2,0,0,0,0,0,1,0,0,0,0,0,0,0,0,0,0,0,0,0,0,0,0,0,0,0,0,0,0,0,0,0,0,0,1,0,0,0,0,0,0,0,0,0,0,0,0
61,BS,1,1,3,6/25/2015,7/8/2015,Kara,0,3,0,0,0,0,8,0,0,2,0,0,2,8,2,0,187.0,283,32,64,46,37,63,0,0,11,35,0,0,0,0,0,1,2,0,0,2,0,0,0,0,0,1,2,0,0,0,0,0,0,0,0,0,0,0,0,0,0,0,0,0,1,0,0,0,0,0,0,0,0,0,1,0
62,Forest,0,0,3,6/25/2015,7/8/2015,Kara,0,4,0,0,0,0,12,0,0,3,0,0,0,2,2,0,161.0,139,2,3,9,37,28,1,3,5,9,1,1,0,0,0,0,0,0,0,0,0,0,0,0,0,2,0,0,0,0,0,0,0,0,0,0,1,0,0,0,0,0,0,0,0,0,0,0,0,0,0,0,0,0,0,0
63,B,1,0,3,6/25/2015,7/8/2015,Kara,0,0,0,0,0,0,8,0,0,0,0,0,0,6,1,0,92.0,134,0,101,11,61,77,0,4,13,16,0,1,0,0,2,0,19,0,0,0,0,0,0,0,0,0,6,0,0,0,0,0,0,0,0,0,0,0,0,0,0,0,0,0,0,0,0,0,0,0,0,0,0,0,0,0
64,Forest,0,0,3,6/25/2015,7/8/2015,Kara,0,4,1,0,1,0,13,0,0,2,0,0,0,2,0,0,96.0,102,0,14,25,55,12,1,0,4,34,0,0,0,0,0,1,0,0,0,0,0,0,0,0,0,0,0,0,0,0,0,0,0,0,0,0,0,0,0,0,0,0,0,0,0,0,0,1,0,0,0,0,0,0,0,0
1,Light,1,0,4,7/7/2015,7/21/2015,Megan,4,9,3,0,0,0,3,0,0,11,0,0,0,3,3,0,129.0,39,0,6,0,0,2,0,1,11,29,0,0,0,1,0,0,0,0,0,0,0,0,0,0,0,3,0,0,0,0,0,0,0,0,0,0,0,0,0,0,0,0,0,0,0,0,0,0,0,0,0,0,0,0,0,0
2,Control,0,0,4,7/7/2015,7/21/2015,Megan,0,4,0,0,0,0,2,0,0,10,0,0,0,4,16,0,23.0,25,0,1,1,1,6,0,5,9,3,0,0,1,1,0,0,0,0,0,0,0,0,0,0,0,0,0,0,0,0,0,0,0,0,0,0,0,0,0,0,0,0,0,0,0,0,0,0,0,0,0,0,0,0,1,0
3,Veg,0,1,4,7/7/2015,7/21/2015,Megan,2,9,0,0,0,0,1,0,0,0,6,0,0,10,13,0,99.0,15,0,20,0,0,3,0,1,46,13,0,0,0,3,1,1,0,0,0,0,0,0,0,0,0,2,0,0,1,0,0,0,0,0,0,0,0,0,0,0,0,0,0,0,0,0,0,0,0,0,0,0,0,0,1,0
4,Control,0,0,4,7/7/2015,7/21/2015,Megan,1,9,0,0,2,0,2,0,0,16,1,0,1,6,5,0,116.0,7,0,1,0,0,12,0,8,9,13,0,0,0,0,0,0,0,0,0,0,0,0,0,0,0,1,1,0,0,0,0,0,0,0,0,0,0,0,0,0,0,0,0,0,0,0,0,0,0,0,0,0,0,0,0,0
5,Veg,0,1,4,7/7/2015,7/21/2015,Megan,0,3,0,0,1,0,1,0,0,4,0,0,0,25,25,0,74.0,73,0,13,0,4,6,0,0,24,37,0,0,0,0,0,1,0,0,0,0,0,0,0,0,0,0,3,0,0,0,0,0,0,0,0,0,0,0,0,0,0,0,0,0,0,0,0,0,0,0,0,0,0,0,0,0
6,Light,1,0,4,7/7/2015,7/21/2015,Kayla,1,6,0,0,0,0,1,0,3,0,0,0,6,32,1,0,49.0,5,0,10,0,4,1,0,3,2,16,0,0,1,0,0,1,0,0,0,0,0,0,0,0,0,0,9,0,0,0,0,0,0,0,0,0,0,0,0,0,0,0,0,0,0,0,0,0,0,0,0,0,0,0,0,0
7,Light+Veg,1,1,4,7/7/2015,7/21/2015,Megan,1,8,0,0,0,0,4,0,1,13,2,0,2,19,10,0,211.0,112,0,60,4,5,30,0,3,17,51,0,1,0,0,0,0,0,0,0,0,0,0,0,0,0,2,10,0,0,0,0,0,0,0,0,0,0,0,0,0,0,0,0,0,0,0,0,0,0,0,0,0,0,0,0,0
8,Light+Veg,1,1,4,7/7/2015,7/21/2015,Megan,0,10,0,0,4,0,5,1,0,8,1,0,1,14,28,0,62.0,14,0,0,0,3,4,0,3,8,18,0,0,0,0,0,1,0,0,0,0,0,0,0,0,0,0,2,0,0,0,0,0,0,0,0,0,0,0,0,0,0,0,0,0,0,0,0,0,0,0,0,0,0,0,0,0
9,Veg,0,1,4,7/7/2015,7/21/2015,Megan,2,7,0,0,0,0,1,0,0,3,0,0,0,3,0,0,46.0,22,0,0,4,0,0,0,1,7,7,0,0,0,1,0,0,0,0,0,0,0,0,0,0,0,0,0,0,0,0,0,0,0,0,0,0,0,0,0,0,0,0,0,0,0,0,0,0,0,0,0,0,0,0,0,0
10,Light+Veg,1,1,4,7/7/2015,7/21/2015,Megan,0,6,1,0,0,0,5,0,0,6,0,0,0,40,2,1,110.0,28,0,0,0,1,4,0,0,8,19,0,0,0,0,0,3,0,0,0,0,0,0,0,0,0,0,10,0,0,0,0,0,0,0,0,0,0,0,0,0,0,0,0,0,0,0,0,0,0,0,0,0,0,0,0,0
11,Control,0,0,4,7/7/2015,7/21/2015,Megan,0,3,0,0,0,0,3,0,0,4,0,0,0,5,3,0,100.0,22,0,18,21,2,5,0,0,4,3,0,0,0,2,0,1,0,0,0,0,0,0,0,0,0,0,1,0,0,0,0,0,0,0,0,0,0,0,0,0,0,0,0,0,0,0,0,0,0,0,0,0,0,0,0,0
12,Light+Veg,1,1,4,7/7/2015,7/21/2015,Megan,1,8,1,0,0,0,5,0,0,10,2,0,0,33,10,0,261.0,22,0,12,10,4,8,0,4,47,27,0,2,0,3,2,1,0,0,0,0,0,0,0,0,0,1,7,0,0,0,0,0,0,0,0,0,0,0,0,0,0,0,0,0,0,0,0,0,0,0,0,0,0,0,0,0
13,Veg,0,1,4,7/7/2015,7/21/2015,Megan,1,5,0,0,1,0,6,0,0,15,7,0,0,5,3,1,134.0,42,0,4,26,18,6,0,2,9,8,0,0,0,0,0,0,0,0,0,0,0,0,0,0,0,1,0,0,0,0,0,0,0,0,0,0,0,0,0,0,0,0,0,0,0,0,0,0,0,0,0,0,0,0,0,0
14,Light,1,0,4,7/7/2015,7/21/2015,Kayla,0,8,0,0,0,0,6,0,1,5,0,0,1,13,0,3,134.0,40,4,15,35,14,10,0,0,1,2,0,0,0,0,0,0,0,0,0,0,0,0,0,0,0,0,0,0,0,0,0,0,0,0,0,0,0,0,0,3,0,0,0,0,0,0,0,0,0,0,0,0,0,0,0,0
15,Light,1,0,4,7/7/2015,7/21/2015,Megan,0,10,0,0,0,0,3,0,1,11,0,0,0,10,1,0,127.0,40,0,3,9,12,10,0,1,0,20,0,0,0,1,0,2,0,0,0,0,0,0,0,0,0,0,0,0,0,0,0,0,0,0,0,0,0,0,0,0,0,0,0,0,0,0,0,0,0,0,0,0,0,0,0,0
16,Veg,0,1,4,7/7/2015,7/21/2015,.,.,.,.,.,.,.,.,.,.,.,.,.,.,.,.,.,0.0,0,0,0,0,.,0,.,.,.,.,.,.,.,.,.,.,.,.,.,.,.,.,.,0,.,.,.,.,0,0,.,.,0,.,0,0,.,.,0,.,.,0,.,.,0,0,.,.,0,0,0,0,.,.,.,.
17,Light,1,0,4,7/7/2015,7/21/2015,Megan,0,2,0,0,0,0,3,0,0,3,0,0,0,0,6,0,32.0,64,0,0,0,0,0,0,0,6,0,0,0,0,0,0,0,0,0,0,0,0,0,0,0,0,0,0,0,0,0,0,0,0,0,0,0,0,0,0,0,0,0,0,0,0,0,0,0,0,0,0,0,0,0,3,0
18,Veg,0,1,4,7/7/2015,7/21/2015,Kayla,0,1,0,0,0,0,0,0,2,1,0,0,2,2,0,0,24.0,33,0,5,0,17,2,0,0,1,3,0,0,0,0,0,0,0,0,0,0,0,0,0,0,0,1,1,0,0,0,0,0,0,0,0,0,0,0,0,0,0,0,0,0,0,0,0,0,0,0,0,0,0,0,0,0
19,Control,0,0,4,7/7/2015,7/21/2015,Kayla,1,6,0,0,0,0,1,0,1,6,2,0,6,15,1,0,57.0,95,0,5,0,43,8,0,0,0,12,0,0,0,0,0,1,0,0,0,0,0,0,0,0,0,0,0,0,0,0,0,0,0,0,0,0,0,0,0,0,0,0,0,0,0,0,0,0,0,0,0,0,0,0,0,0
20,Light,1,0,4,7/7/2015,7/21/2015,Kayla,0,2,0,0,1,0,5,0,0,2,0,0,5,17,1,0,106.0,9,0,29,4,9,2,0,1,8,8,0,2,0,0,0,2,0,0,0,0,0,0,0,0,0,1,2,0,0,0,0,0,0,0,0,0,0,0,0,0,0,0,0,0,0,0,0,0,0,0,0,0,0,0,2,0
25,Control,0,0,4,7/7/2015,7/21/2015,Megan,3,5,0,0,0,0,2,0,0,7,0,0,0,11,1,0,49.0,57,0,0,4,3,7,0,1,6,3,0,0,0,10,0,1,0,0,0,0,0,0,0,0,0,0,0,0,0,0,0,0,0,0,0,0,0,0,0,0,0,0,0,0,0,0,0,0,0,0,0,0,0,0,0,0
26,Light+Veg,1,1,4,7/7/2015,7/21/2015,Kayla,0,1,0,0,1,0,1,0,0,5,1,0,0,10,1,0,28.0,10,0,5,2,21,10,0,0,2,6,0,0,0,0,0,0,0,0,0,0,0,0,0,0,0,0,3,0,0,0,0,0,0,0,0,0,0,0,0,0,0,0,1,0,0,0,0,3,0,0,0,0,0,0,0,0
27,Control,0,0,4,7/7/2015,7/21/2015,Megan,0,0,0,0,0,0,2,0,0,8,4,0,0,4,2,0,93.0,132,0,1,6,5,8,0,1,4,10,0,0,0,1,1,1,0,0,0,0,0,0,0,0,0,0,0,0,0,0,0,0,0,0,0,0,0,0,0,0,0,0,0,0,0,0,0,0,0,0,0,0,0,0,1,0
28,Light+Veg,1,1,4,7/7/2015,7/21/2015,Megan,1,2,0,0,0,0,0,0,0,2,0,0,0,2,0,0,17.0,29,0,0,2,1,0,0,0,4,1,0,0,0,2,0,1,0,0,0,0,0,0,0,0,0,0,0,0,0,0,0,0,0,0,0,0,0,0,0,0,0,0,0,0,0,0,0,0,0,0,0,0,0,0,0,0
29,Control,0,0,4,7/7/2015,7/21/2015,Megan,1,5,1,0,2,0,6,0,0,10,0,0,0,8,2,1,118.0,25,0,2,1,3,5,0,0,14,6,0,0,0,0,0,0,0,0,0,0,0,0,0,0,0,0,0,0,0,0,0,0,0,0,0,0,0,0,0,0,0,0,0,0,0,0,0,0,0,0,0,0,0,0,0,0
30,Control,0,0,4,7/7/2015,7/21/2015,Megan,0,13,0,0,1,0,2,0,0,7,3,0,0,16,2,0,93.0,49,0,1,0,3,11,0,10,17,10,0,0,0,1,0,0,0,0,0,0,0,0,0,0,0,2,0,0,0,0,0,0,0,0,0,0,0,0,0,0,0,0,0,0,0,0,0,0,0,0,0,0,0,0,0,0
31,Control,0,0,4,7/7/2015,7/21/2015,Megan,0,9,0,0,0,0,5,0,0,6,0,0,0,14,1,0,85.0,0,14,0,2,0,2,0,1,16,3,0,1,0,0,0,0,0,0,0,0,0,0,0,0,0,0,1,0,0,0,0,0,0,0,0,0,0,0,0,0,0,0,0,0,0,0,0,0,0,0,0,0,0,0,0,0
32,Control,0,0,4,7/7/2015,7/21/2015,Megan,0,8,0,0,2,0,8,0,0,11,0,0,0,11,2,0,133.0,37,0,1,18,2,5,0,1,29,2,0,0,0,0,0,0,0,0,0,0,0,0,0,0,0,0,0,0,0,0,0,0,0,0,0,0,0,0,0,0,0,0,0,0,0,0,0,0,0,0,0,0,0,0,0,0
33,Control,0,0,4,7/7/2015,7/21/2015,Megan,0,3,0,0,0,0,1,0,0,0,0,0,0,5,0,0,16.0,23,0,0,0,0,0,0,2,11,17,0,0,1,1,1,5,0,0,0,0,0,0,0,0,0,0,0,0,0,0,0,0,0,0,0,0,0,0,0,0,0,0,0,0,0,0,0,0,0,0,0,0,0,0,0,0
34,Control,0,0,4,7/7/2015,7/21/2015,Megan,0,5,0,0,3,0,4,0,0,4,0,0,0,7,0,0,85.0,109,0,2,2,2,0,0,0,4,4,0,0,0,0,0,0,0,0,0,0,0,0,0,0,0,0,0,0,0,0,0,0,0,0,0,0,0,0,0,0,0,0,0,0,0,0,0,0,0,0,0,0,0,0,0,0
35,Control,0,0,4,7/7/2015,7/21/2015,Megan,0,0,0,0,0,0,0,0,0,3,0,0,0,7,0,0,103.0,68,0,0,0,1,2,0,0,6,2,0,0,0,0,0,2,0,0,0,0,0,0,0,0,0,1,0,0,0,0,0,0,0,0,0,0,0,0,0,0,0,0,0,0,0,0,0,0,0,0,0,0,0,0,0,0
36,Control,0,0,4,7/7/2015,7/21/2015,Megan,0,0,0,0,1,0,3,0,0,2,0,0,0,4,0,0,73.0,79,0,1,1,1,3,0,1,5,6,0,0,0,0,0,2,1,0,0,0,0,0,0,0,0,0,0,0,0,0,0,0,0,0,0,0,0,0,0,0,0,0,0,0,0,0,0,0,0,0,0,0,0,0,0,0
37,Control,0,0,4,7/7/2015,7/21/2015,Kayla,0,6,0,0,0,0,2,0,0,10,4,0,0,16,1,0,30.0,129,0,4,1,29,7,0,0,0,5,0,0,0,0,0,0,0,0,1,0,0,0,0,0,0,0,0,0,0,0,0,0,0,0,0,0,0,0,0,0,0,0,0,0,0,0,0,0,0,0,0,0,0,0,0,0
38,Control,0,0,4,7/7/2015,7/21/2015,Kayla,0,0,1,0,0,0,0,0,0,0,0,0,0,2,0,0,5.0,11,0,0,0,0,0,0,0,0,0,0,0,0,0,0,0,0,0,0,0,0,0,0,0,0,0,0,0,0,0,0,0,0,0,0,0,0,0,0,0,0,0,0,0,0,0,0,0,0,0,0,0,0,0,0,0
39,Control,0,0,4,7/7/2015,7/21/2015,Megan,2,0,1,0,4,0,3,0,0,8,0,0,2,16,3,0,81.0,85,0,4,0,7,8,0,1,4,18,0,1,0,0,0,1,0,0,0,0,0,0,0,0,0,0,1,0,0,0,0,0,0,0,0,0,0,0,0,0,0,0,0,0,0,0,0,0,0,0,0,0,0,0,0,0
40,Control,0,0,4,7/7/2015,7/21/2015,Megan,0,0,0,0,1,0,0,0,0,7,0,0,7,5,0,0,45.0,74,0,1,0,1,3,0,0,4,4,0,0,0,0,0,0,0,0,0,0,0,0,0,0,0,0,0,0,0,0,0,0,0,0,0,0,0,0,0,0,0,0,0,0,0,0,0,0,0,0,0,0,0,0,0,0
41,Forest,0,0,4,7/8/2015,7/22/2015,Megan,0,4,0,0,0,0,9,0,0,0,0,0,2,2,0,0,31.0,21,0,0,2,0,4,0,1,1,37,4,0,0,0,0,0,0,0,0,0,0,0,0,0,0,0,0,0,0,0,0,0,0,0,0,0,0,0,0,0,0,0,0,0,0,0,0,0,0,0,0,0,0,0,0,1
42,BS,1,1,4,7/8/2015,7/22/2015,Megan,0,1,0,0,0,0,9,0,0,1,0,0,0,12,3,0,34.0,8,1,157,20,26,12,0,1,10,3,0,0,0,0,0,0,0,0,0,0,0,0,0,0,0,1,0,0,0,0,0,0,0,0,0,0,0,0,0,0,0,0,0,0,0,0,0,0,0,0,0,0,0,0,0,0
43,B,1,0,4,7/8/2015,7/22/2015,Kayla,0,1,0,0,1,0,2,0,0,0,0,0,0,9,2,0,28.0,46,0,4,1,3,6,0,1,1,10,0,0,0,0,0,0,0,0,0,0,0,0,0,0,0,0,0,0,0,0,0,0,0,0,0,0,0,0,0,0,0,0,0,0,0,0,0,0,0,0,0,0,0,0,0,0
44,Forest,0,0,4,7/8/2015,7/22/2015,Megan,0,0,0,0,0,0,1,0,0,0,0,0,0,6,0,0,45.0,61,7,24,26,172,36,0,14,3,18,0,0,0,0,0,1,0,0,0,0,0,0,0,0,0,0,0,0,0,0,0,0,0,0,0,0,0,0,0,0,0,0,0,0,0,0,0,0,0,0,0,0,0,0,0,0
45,Forest,0,0,4,7/8/2015,7/22/2015,Kayla,1,4,0,0,0,0,0,0,2,0,0,0,2,2,0,0,41.0,20,0,0,0,0,2,0,0,12,10,0,1,0,0,0,0,0,0,0,0,0,0,0,0,0,0,0,0,0,0,0,0,0,0,0,0,0,0,0,0,0,0,0,0,1,0,0,0,0,0,0,0,0,0,0,0
46,BS,1,1,4,7/8/2015,7/22/2015,Megan,0,0,0,0,0,0,1,0,0,15,1,0,0,11,20,0,50.0,0,38,1,5,1,2,0,1,22,2,0,0,0,0,0,0,0,0,0,0,0,0,0,0,0,2,2,0,0,0,0,0,0,0,0,0,0,0,0,0,0,0,0,0,0,0,0,0,0,0,0,0,0,0,0,0
47,B,1,0,4,7/8/2015,7/22/2015,Megan,0,4,1,0,1,0,8,0,0,1,0,0,5,6,5,0,60.0,114,0,12,7,4,3,0,1,3,1,0,0,0,0,0,0,0,0,0,0,0,0,0,0,0,1,0,0,0,0,0,0,0,0,0,0,0,0,0,0,0,0,0,0,0,0,0,0,0,0,0,0,0,0,1,0
48,Forest,0,0,4,7/8/2015,7/22/2015,Megan,0,1,0,0,0,0,5,0,0,0,0,0,0,6,1,0,35.0,59,0,1,0,0,1,0,0,5,5,0,0,0,4,0,0,0,0,0,0,0,0,0,0,0,0,0,0,0,0,0,0,0,0,0,0,0,0,0,0,0,0,0,0,0,0,0,0,0,0,0,0,0,0,0,0
49,BS,1,1,4,7/8/2015,7/22/2015,Kayla,0,0,0,0,2,0,0,0,1,0,0,0,0,21,0,0,16.0,33,0,4,6,2,0,0,0,13,5,0,0,0,0,0,0,0,0,0,1,0,0,0,0,0,0,11,0,0,0,0,0,0,0,0,0,0,0,0,0,0,0,0,0,0,0,0,0,0,0,0,0,0,0,0,0
50,Forest,0,0,4,7/8/2015,7/22/2015,Kayla,0,3,0,0,0,0,5,0,1,1,0,0,2,8,0,0,14.0,15,0,0,0,0,3,0,1,2,10,0,0,0,0,0,0,0,0,0,0,0,0,0,0,0,2,1,0,0,0,0,0,0,0,0,0,0,0,0,0,0,0,0,0,0,0,0,0,0,0,0,0,0,0,1,0
51,B,1,0,4,7/8/2015,7/22/2015,Kayla,0,2,0,0,0,0,2,0,1,0,0,0,0,1,1,1,66.0,73,0,0,0,6,2,0,1,3,5,0,2,0,0,0,1,0,0,0,0,0,0,0,0,0,0,0,0,0,0,0,0,0,0,0,0,0,0,0,0,0,0,0,0,0,0,0,0,0,0,0,0,0,0,0,0
52,Forest,0,0,4,7/8/2015,7/22/2015,Kayla,1,1,0,0,0,0,0,0,1,1,0,0,0,2,1,0,129.0,89,0,0,0,1,3,0,0,0,1,0,1,0,0,0,0,0,0,0,0,0,0,0,0,0,2,0,0,0,0,0,0,0,0,0,0,0,0,0,1,0,0,0,0,0,0,0,0,0,0,0,0,0,0,0,0
53,BS,1,1,4,7/8/2015,7/22/2015,Megan,0,11,0,0,0,0,12,0,0,6,0,0,0,7,5,0,129.0,89,0,0,0,1,3,0,1,21,18,0,0,0,0,0,0,0,0,0,0,0,0,0,0,0,0,0,0,0,0,0,0,0,0,0,0,0,0,0,0,0,0,0,0,0,0,0,0,0,0,0,0,0,0,0,0
54,Forest,0,0,4,7/8/2015,7/22/2015,Kayla,0,5,0,0,0,0,3,0,0,0,0,0,1,7,0,0,25.0,108,0,0,0,1,3,0,0,9,8,0,0,0,0,0,1,0,0,0,0,0,0,0,0,0,0,0,0,0,0,0,0,0,0,0,0,0,0,0,0,0,0,0,0,0,0,0,0,0,0,0,0,0,0,1,0
55,B,1,0,4,7/8/2015,7/22/2015,Kayla,0,1,0,0,0,0,1,0,0,1,0,0,0,4,0,0,44.0,65,6,1,4,8,12,0,0,3,25,0,5,0,0,0,2,1,0,0,0,0,0,0,0,0,0,0,0,0,0,0,0,0,0,0,0,0,0,0,0,0,0,0,0,0,0,0,0,0,0,0,0,0,0,0,0
56,Forest,0,0,4,7/8/2015,7/22/2015,Kayla,0,1,0,0,0,0,0,0,1,0,0,0,0,9,1,0,100.0,270,2,5,13,8,16,0,0,3,12,0,0,0,0,0,2,0,0,0,0,0,0,0,0,0,1,0,0,0,0,0,0,0,0,0,0,0,0,0,0,0,0,0,0,0,0,0,0,0,0,0,0,0,0,0,0
57,BS,1,0,4,7/8/2015,7/22/2015,Andrea,0,6,1,0,0,0,9,0,1,0,2,0,0,8,26,0,64.0,51,0,12,0,4,6,0,1,81,13,5,0,0,0,0,0,0,0,0,1,0,0,0,0,0,0,4,0,0,0,0,0,0,0,0,0,0,0,0,0,0,0,0,0,1,0,0,2,0,0,0,0,0,0,0,1
58,Forest,0,0,4,7/8/2015,7/22/2015,Megan,1,5,0,0,0,0,0,0,0,2,1,0,0,6,1,0,145.0,30,0,0,1,1,2,0,0,5,8,0,0,0,0,0,1,0,0,0,0,0,0,0,0,0,0,0,0,0,0,0,0,0,0,0,0,0,0,0,0,0,0,0,0,0,0,0,0,0,0,0,0,0,0,0,0
59,B,1,1,4,7/8/2015,7/22/2015,Kayla,1,5,1,1,0,0,1,0,0,3,0,0,0,1,0,0,85.0,148,3,8,1,11,9,0,0,9,17,0,0,0,0,0,5,0,0,0,0,0,0,0,0,0,0,0,0,0,0,0,0,0,0,0,0,0,0,0,0,0,0,0,0,0,0,0,0,0,0,0,0,0,0,0,0
60,Forest,0,0,4,7/8/2015,7/22/2015,.,.,.,.,.,.,.,.,.,.,.,.,.,.,.,.,.,0.0,0,0,0,0,.,0,.,.,.,.,.,.,.,.,.,.,.,.,.,.,.,.,.,0,.,.,.,.,0,0,.,.,0,.,0,0,.,.,0,.,.,0,.,.,0,0,.,.,0,0,0,0,.,.,.,.
61,BS,1,1,4,7/8/2015,7/22/2015,Megan,0,0,0,0,1,0,1,0,0,1,1,0,0,5,1,0,123.0,40,8,0,7,7,10,0,5,5,5,0,0,0,0,0,0,0,0,0,0,0,0,0,0,0,1,0,0,0,0,0,0,0,0,0,0,0,0,0,0,0,0,0,0,0,0,0,0,0,0,0,0,0,0,0,0
62,Forest,0,0,4,7/8/2015,7/22/2015,Kayla,0,0,0,0,0,0,2,0,0,4,0,0,0,5,0,0,57.0,56,0,7,2,39,18,0,0,1,12,0,0,0,0,0,1,0,0,0,0,0,0,0,0,0,0,0,0,0,0,0,0,0,0,0,0,0,0,0,0,0,0,0,0,0,0,0,0,0,0,0,0,0,0,0,0
63,B,1,0,4,7/8/2015,7/22/2015,Megan,0,3,1,0,0,0,3,0,0,1,1,0,0,19,2,0,26.0,52,0,1,1,3,5,0,3,11,32,0,0,0,0,0,2,1,0,0,0,0,0,1,0,0,3,0,0,0,0,0,0,0,0,0,0,0,0,0,0,0,0,0,0,0,0,0,0,0,0,0,0,0,0,1,0
64,Forest,0,0,4,7/8/2015,7/22/2015,Kayla,1,11,0,0,0,0,11,0,0,2,0,0,0,6,0,0,19.0,17,0,0,0,2,2,0,0,2,56,0,3,0,0,1,4,0,0,1,0,0,0,0,0,0,0,0,0,0,0,0,0,0,0,0,0,1,0,0,4,0,0,0,0,0,0,0,1,0,0,0,0,0,0,0,0
1,Light,1,0,5,7/21/2015,8/6/2015,.,.,.,.,.,.,.,.,.,.,.,.,.,.,.,.,.,0.0,0,0,0,0,.,0,.,.,.,.,.,.,.,.,.,.,.,.,.,.,.,.,.,0,.,.,.,.,0,0,.,.,0,.,0,0,.,.,0,.,.,0,.,.,0,0,.,.,0,0,0,0,.,.,.,.
2,Control,0,0,5,7/21/2015,8/6/2015,Di,0,5,0,0,1,0,6,0,0,1,1,0,0,7,0,0,3.0,1,0,0,0,0,0,0,2,5,21,5,3,6,160,0,0,1,0,0,0,0,0,0,0,0,0,0,0,0,0,0,0,0,0,0,0,0,0,0,0,0,0,0,0,0,0,0,4,0,0,0,0,0,0,0,0
3,Veg,0,1,5,7/21/2015,8/6/2015,Di,0,0,0,0,0,0,0,0,0,0,0,0,0,0,0,0,33.0,18,0,1,1,2,0,0,0,1,0,0,0,0,58,0,0,0,0,0,0,0,0,0,0,0,0,0,0,0,0,0,0,0,0,0,0,0,0,0,0,0,0,0,0,0,0,0,0,0,0,0,0,0,0,0,0
4,Control,0,0,5,7/21/2015,8/6/2015,Di,0,2,0,0,0,0,0,0,0,2,1,0,0,3,0,1,37.0,4,0,0,0,0,0,0,13,5,12,0,0,0,78,0,0,0,0,0,0,0,0,0,0,0,0,1,0,0,0,0,0,0,0,0,0,0,0,0,0,0,0,0,0,0,0,0,0,0,0,0,0,0,0,0,0
5,Veg,0,1,5,7/21/2015,8/6/2015,Di,2,2,0,0,0,0,1,0,0,1,1,0,0,7,2,0,17.0,19,0,11,1,3,0,0,18,6,16,1,0,0,10,0,0,0,0,0,0,0,0,0,0,0,0,0,0,0,0,0,0,0,0,0,0,0,0,0,0,0,0,0,0,0,0,0,0,0,0,0,0,0,0,0,0
6,Light,1,0,5,7/21/2015,8/6/2015,Di,0,2,0,2,0,0,7,0,12,0,0,0,1,17,1,0,131.0,11,0,84,2,16,2,0,21,11,59,0,0,0,9,0,0,3,0,0,0,0,0,0,0,0,0,7,0,0,0,0,0,0,0,0,0,1,0,0,0,0,0,0,0,0,0,0,2,0,0,0,0,0,0,0,0
7,Light+Veg,1,1,5,7/21/2015,8/6/2015,Di,0,4,0,0,0,0,8,0,11,13,5,0,0,40,6,0,221.0,73,0,43,7,17,10,0,17,22,96,7,5,0,149,0,0,1,2,1,0,0,0,0,0,0,1,6,0,0,0,0,0,0,0,0,0,0,0,0,0,0,0,0,0,0,0,0,3,0,0,0,0,0,0,0,0
8,Light+Veg,1,1,5,7/21/2015,8/6/2015,Di,0,4,0,0,0,0,21,0,2,0,1,0,0,49,3,0,132.0,13,0,16,11,4,2,0,29,5,53,1,2,0,0,0,0,1,1,1,0,0,0,0,0,0,0,8,0,0,0,0,0,0,0,0,0,1,0,0,0,0,0,0,0,0,0,0,0,0,0,0,0,0,0,0,0
9,Veg,0,1,5,7/21/2015,8/6/2015,Di,0,2,0,0,1,0,1,0,2,5,1,0,0,48,1,0,83.0,45,0,8,96,9,2,0,14,10,52,0,0,0,5,0,0,2,0,0,0,0,0,0,0,0,0,0,0,0,0,0,0,0,0,0,0,0,0,0,0,0,0,0,0,0,0,0,0,0,0,0,0,0,0,0,0
10,Light+Veg,1,1,5,7/21/2015,8/6/2015,Di,0,2,1,0,4,0,2,0,0,2,0,0,0,29,0,0,93.0,1,2,13,40,14,1,0,7,8,41,13,0,0,122,0,1,1,0,3,0,0,0,0,0,0,0,5,0,0,0,0,0,0,0,0,0,0,0,0,0,0,0,0,0,0,0,0,3,0,0,0,0,0,0,0,0
11,Control,0,0,5,7/21/2015,8/6/2015,Di,0,1,0,0,1,0,0,0,0,0,0,0,0,21,2,0,92.0,12,0,24,245,7,5,0,21,1,15,0,0,0,17,0,2,0,0,0,0,0,0,0,0,0,1,2,0,0,0,0,0,0,0,0,0,0,0,0,0,0,0,0,0,0,0,0,2,0,0,0,0,0,0,0,0
12,Light+Veg,1,1,5,7/21/2015,8/6/2015,Di,0,0,0,0,1,0,2,0,0,2,2,0,0,57,4,0,166.0,9,0,13,13,10,1,0,39,20,48,15,1,1,182,0,0,1,2,1,0,0,0,0,0,0,0,10,0,0,0,0,0,0,0,0,0,0,0,0,0,0,0,0,0,0,0,0,10,0,0,0,0,0,0,0,0
13,Veg,0,1,5,7/21/2015,8/6/2015,Di,0,3,0,0,1,0,0,0,0,0,4,0,0,7,0,0,0.0,0,0,0,0,0,0,0,0,17,2,6,0,0,64,0,0,0,1,0,0,0,0,0,0,0,0,0,0,0,0,0,0,0,0,0,0,0,0,0,0,0,0,0,0,0,0,0,0,0,0,0,0,0,0,0,0
14,Light,1,0,5,7/21/2015,8/6/2015,Di,0,1,0,0,0,0,1,0,1,0,0,0,0,13,0,0,9.0,4,0,0,2,0,0,0,7,4,4,0,0,0,3,0,0,1,0,0,0,0,0,0,0,0,0,0,0,1,0,0,0,0,0,0,0,0,0,0,0,0,0,0,0,0,0,0,0,0,0,0,0,0,0,0,0
15,Light,1,0,5,7/21/2015,8/6/2015,Di,0,4,0,0,0,0,3,0,0,1,2,0,0,13,0,0,0.0,0,0,0,0,0,0,0,0,9,3,2,1,0,15,0,0,0,0,0,0,0,0,0,0,0,0,1,0,0,0,0,0,0,0,0,0,0,0,0,0,0,0,0,0,0,0,0,0,0,0,0,0,0,0,0,0
16,Veg,0,1,5,7/21/2015,8/6/2015,Di,0,0,0,0,0,0,0,0,0,4,0,0,0,5,0,0,3.0,3,0,1,1,22,3,0,2,8,10,0,3,0,33,0,0,2,0,0,0,0,0,0,0,0,0,0,0,0,0,0,0,0,0,0,0,0,0,0,0,0,0,0,0,0,0,0,1,0,0,0,0,0,0,0,0
17,Light,1,0,5,7/21/2015,8/6/2015,Di,0,0,0,0,0,0,0,0,0,0,0,0,0,1,0,0,0.0,0,0,0,0,0,0,0,0,5,0,0,0,0,1,0,0,0,0,0,0,0,0,0,0,0,0,0,0,0,0,0,0,0,0,0,0,0,0,0,0,0,0,0,0,0,0,0,0,0,0,0,0,0,0,0,0
18,Veg,0,1,5,7/21/2015,8/6/2015,Di,0,0,0,0,0,0,5,0,0,0,1,0,0,6,0,0,19.0,36,0,4,6,7,0,0,17,1,70,0,3,2,0,0,0,12,1,0,0,0,0,0,0,0,0,0,0,0,0,0,0,0,0,0,0,0,0,0,0,0,0,0,0,0,0,0,3,0,0,0,0,0,0,0,0
19,Control,0,0,5,7/21/2015,8/6/2015,Di,0,0,0,0,0,0,0,0,0,0,1,0,0,4,0,0,0.0,0,0,0,0,0,0,0,0,6,3,8,0,0,0,0,0,0,1,0,0,0,0,0,0,0,0,0,0,0,0,0,0,0,0,0,0,0,0,0,0,0,0,0,0,0,0,0,0,0,0,0,0,0,0,0,0
20,Light,1,0,5,7/21/2015,8/6/2015,Di,0,0,0,0,0,0,0,0,0,0,1,0,0,0,0,0,0.0,0,0,0,0,0,0,0,1,5,1,0,3,0,56,0,0,0,0,0,0,0,0,0,0,0,0,0,0,0,0,0,0,0,0,0,0,0,0,0,0,0,0,0,0,0,0,0,0,0,0,0,0,0,0,0,0
25,Control,0,0,5,7/21/2015,8/6/2015,.,.,.,.,.,.,.,.,.,.,.,.,.,.,.,.,.,0.0,0,0,0,0,.,0,.,.,.,.,.,.,.,.,.,.,.,.,.,.,.,.,.,0,.,.,.,.,0,0,.,.,0,.,0,0,.,.,0,.,.,0,.,.,0,0,.,.,0,0,0,0,.,.,.,.
26,Light+Veg,1,1,5,7/21/2015,8/6/2015,.,.,.,.,.,.,.,.,.,.,.,.,.,.,.,.,.,0.0,0,0,0,0,.,0,.,.,.,.,.,.,.,.,.,.,.,.,.,.,.,.,.,0,.,.,.,.,0,0,.,.,0,.,0,0,.,.,0,.,.,0,.,.,0,0,.,.,0,0,0,0,.,.,.,.
27,Control,0,0,5,7/21/2015,8/6/2015,.,.,.,.,.,.,.,.,.,.,.,.,.,.,.,.,.,0.0,0,0,0,0,.,0,.,.,.,.,.,.,.,.,.,.,.,.,.,.,.,.,.,0,.,.,.,.,0,0,.,.,0,.,0,0,.,.,0,.,.,0,.,.,0,0,.,.,0,0,0,0,.,.,.,.
28,Light+Veg,1,1,5,7/21/2015,8/6/2015,Di,0,2,0,0,0,0,0,0,0,2,2,0,0,4,0,0,0.0,0,0,0,0,0,0,0,2,15,2,2,0,12,0,1,0,0,0,0,0,0,0,0,0,0,0,0,0,0,0,0,0,0,0,0,0,0,0,0,0,0,0,0,0,0,0,0,1,0,0,0,0,0,0,0,0
29,Control,0,0,5,7/21/2015,8/6/2015,Di,0,1,0,0,0,0,2,1,0,2,0,1,0,49,0,0,39.0,17,0,1,2,0,0,0,28,2,26,1,1,0,3,0,1,0,0,0,0,0,0,0,0,0,0,0,0,0,0,0,0,0,0,0,0,0,0,0,0,0,0,0,0,0,0,0,0,0,0,0,0,0,0,0,0
30,Control,0,0,5,7/21/2015,8/6/2015,Di,0,1,0,0,0,0,0,0,0,0,1,0,0,2,0,0,5.0,5,0,0,0,0,0,0,33,1,15,4,1,0,140,0,0,0,2,0,0,0,0,0,0,0,0,1,0,0,0,0,0,0,0,0,0,0,0,0,0,0,0,0,0,0,0,0,1,0,0,0,0,0,0,0,0
31,Control,0,0,5,7/21/2015,8/6/2015,Di,0,2,0,0,0,0,0,0,0,0,1,0,0,1,0,0,6.0,2,0,4,2,0,0,0,2,14,11,4,4,1,187,0,1,0,0,0,0,0,0,0,0,0,0,0,0,0,0,0,0,0,0,0,0,0,0,0,0,0,0,0,0,0,0,0,0,0,0,0,0,0,0,0,0
32,Control,0,0,5,7/21/2015,8/6/2015,Di,0,1,0,0,0,0,0,0,0,0,0,0,0,6,0,0,2.0,3,0,0,0,1,2,0,7,2,1,0,0,0,0,0,3,0,0,0,0,0,0,0,0,0,0,0,0,0,0,0,0,0,0,0,0,0,0,0,0,0,0,0,0,0,0,0,1,0,0,0,0,0,0,0,0
33,Control,0,0,5,7/21/2015,8/5/2015,Di,0,1,0,0,0,0,1,0,0,5,0,0,0,11,0,0,58.0,54,2,3,3,14,0,0,5,1,84,1,0,0,1,0,1,6,0,0,0,0,0,0,0,0,0,0,1,0,0,0,0,0,0,0,0,0,0,0,0,0,0,0,0,0,0,0,1,0,0,0,0,0,0,0,0
34,Control,0,0,5,7/21/2015,8/5/2015,Di,0,0,0,0,2,0,3,0,1,2,0,0,0,17,0,0,38.0,34,1,6,8,11,1,0,7,2,64,0,0,1,1,0,0,4,0,0,0,0,0,0,0,0,0,0,0,0,0,0,0,0,0,0,0,1,0,0,0,0,0,0,0,0,0,0,0,0,0,0,0,0,0,0,0
35,Control,0,0,5,7/21/2015,8/5/2015,Di,0,0,1,0,1,0,2,0,0,0,0,0,0,6,0,0,36.0,20,0,3,10,10,3,0,22,1,34,0,0,0,3,0,0,6,0,0,0,0,0,0,0,0,0,1,0,0,0,0,0,0,0,0,0,0,0,0,0,0,0,0,0,0,0,0,0,0,0,0,0,0,0,0,0
36,Control,0,0,5,7/21/2015,8/5/2015,.,.,.,.,.,.,.,.,.,.,.,.,.,.,.,.,.,0.0,0,0,0,0,.,0,.,.,.,.,.,.,.,.,.,.,.,.,.,.,.,.,.,1/0/1900,.,.,.,.,1/0/1900,1/0/1900,.,.,0,.,0,1/0/1900,.,.,0,.,.,0,.,.,0,0,.,.,0,0,0,0,.,.,.,.
37,Control,0,0,5,7/21/2015,8/6/2015,Di,0,0,0,0,0,0,0,0,0,0,1,0,0,12,0,0,0.0,0,0,0,0,0,0,0,0,1,3,4,0,0,0,0,0,0,0,0,0,0,0,0,0,0,0,0,0,0,0,0,0,0,0,0,0,0,0,0,0,0,0,0,0,0,0,0,0,0,0,0,0,0,0,0,0
38,Control,0,0,5,7/21/2015,8/6/2015,Di,0,0,0,0,0,0,0,0,0,0,0,0,1,13,0,0,19.0,3,0,1,0,2,1,0,0,2,2,0,0,0,0,0,0,0,0,0,0,0,0,0,0,0,0,0,0,0,0,0,0,0,0,0,0,0,0,0,0,0,0,0,0,0,0,0,0,0,0,0,0,0,0,0,0
39,Control,0,0,5,7/21/2015,8/6/2015,Di,0,0,0,0,0,0,0,0,0,0,0,0,0,8,1,0,0.0,0,0,0,0,0,0,0,0,5,9,3,0,0,3,0,0,1,0,0,0,0,0,0,0,0,0,0,0,0,0,0,0,0,0,0,0,0,0,0,0,0,0,0,0,0,0,0,0,0,0,0,0,0,0,0,0
40,Control,0,0,5,7/21/2015,8/6/2015,.,.,.,.,.,.,.,.,.,.,.,.,.,.,.,.,.,0.0,0,0,0,0,.,0,.,.,.,.,.,.,.,.,.,.,.,.,.,.,.,.,.,0,.,.,.,.,0,0,.,.,0,.,0,0,.,.,0,.,.,0,.,.,0,0,.,.,0,0,0,0,.,.,.,.
41,Forest,0,0,5,7/22/2015,8/5/2015,Di,0,0,0,0,0,0,0,0,0,0,0,0,0,2,0,0,2.0,7,0,5,2,16,2,0,0,0,3,0,0,0,0,0,0,1,0,0,0,0,0,0,0,0,0,0,0,0,0,0,0,0,0,0,0,0,0,0,0,0,0,0,0,0,0,0,0,0,0,0,0,0,0,0,0
42,BS,1,1,5,7/22/2015,8/5/2015,Di,0,1,0,0,0,0,9,0,0,0,3,0,0,4,0,1,1.0,0,0,0,0,0,0,0,4,2,0,2,1,0,0,0,0,6,0,0,0,0,0,0,0,0,0,1,0,0,0,0,0,0,0,0,0,0,0,0,0,0,0,0,0,0,0,0,1,0,0,0,0,0,0,0,0
43,B,1,0,5,7/22/2015,8/5/2015,.,.,.,.,.,.,.,.,.,.,.,.,.,.,.,.,.,0.0,0,0,0,0,.,0,.,.,.,.,.,.,.,.,.,.,.,.,.,.,.,.,.,1/0/1900,.,.,.,.,1/0/1900,1/0/1900,.,.,0,.,0,1/0/1900,.,.,0,.,.,0,.,.,0,0,.,.,0,0,0,0,.,.,.,.
44,Forest,0,0,5,7/22/2015,8/5/2015,Di,0,1,0,0,0,0,5,0,0,0,0,0,0,4,0,0,7.0,13,1,0,3,5,1,0,24,1,4,0,0,0,1,0,0,6,0,0,0,0,0,0,0,0,0,0,0,0,0,0,0,0,0,0,0,0,0,0,0,0,0,0,0,0,0,0,0,0,0,0,0,0,0,0,0
45,Forest,0,0,5,7/22/2015,8/5/2015,Di,0,0,0,0,0,0,0,0,0,0,0,0,0,9,0,0,32.0,18,0,1,1,2,0,0,21,8,23,0,0,0,2,0,0,7,0,0,0,0,0,0,0,0,0,0,0,1,0,0,0,0,0,0,0,0,0,0,0,0,0,0,0,0,0,0,0,0,0,0,0,0,0,1,0
46,BS,1,1,5,7/22/2015,8/5/2015,Di,0,1,0,0,0,0,0,0,0,0,3,0,0,8,0,0,0.0,6,0,0,0,1,1,0,3,3,1,1,2,0,0,0,0,6,0,0,0,0,0,0,0,0,0,0,0,0,0,0,0,0,0,0,0,0,0,0,0,0,0,0,0,0,0,0,0,1,0,0,0,0,0,0,0
47,B,1,0,5,7/22/2015,8/5/2015,Di,0,0,0,0,0,0,6,0,1,0,1,0,0,32,18,0,24.0,35,0,3,2,3,0,0,55,3,23,0,0,0,0,0,0,3,0,0,0,0,0,0,0,0,2,0,0,0,0,0,0,0,0,0,0,0,0,0,0,0,0,0,0,0,0,0,0,0,0,0,0,0,0,0,0
48,Forest,0,0,5,7/22/2015,8/5/2015,Di,0,0,0,0,1,0,0,0,0,0,1,0,0,2,0,0,0.0,0,0,0,0,0,0,0,1,4,2,0,1,0,17,0,1,0,0,0,0,0,0,0,0,0,0,0,0,0,0,0,0,0,0,0,0,0,0,0,0,0,0,0,0,0,0,0,0,0,0,0,0,0,0,0,0
49,BS,1,1,5,7/22/2015,8/5/2015,Di,0,2,0,0,0,0,0,0,0,0,5,1,2,45,0,0,6.0,3,0,0,4,0,0,0,1,31,0,1,0,0,11,0,0,2,0,0,0,0,0,0,0,0,0,4,0,0,0,0,0,0,0,0,0,0,0,0,0,0,0,0,0,0,0,0,0,0,0,0,0,0,0,0,0
50,Forest,0,0,5,7/22/2015,8/5/2015,Di,1,0,0,0,0,0,2,0,2,0,0,0,4,10,0,1,24.0,15,0,1,3,0,3,0,19,2,17,0,0,0,4,0,1,3,0,1,0,0,0,0,0,0,1,1,0,0,0,0,0,0,0,0,0,0,0,0,0,0,0,0,0,0,0,0,2,0,0,0,0,0,0,0,0
51,B,1,0,5,7/22/2015,8/5/2015,Di,0,1,0,0,0,0,3,0,2,0,0,0,0,25,0,0,75.0,23,0,1,20,1,2,0,14,4,45,0,0,0,0,0,1,0,0,3,0,0,0,0,0,0,0,0,0,1,0,0,0,0,0,0,0,4,0,0,0,0,0,0,0,0,0,0,0,0,0,0,0,0,0,0,0
52,Forest,0,0,5,7/22/2015,8/5/2015,Di,0,1,0,0,0,0,4,0,0,1,1,0,0,12,0,0,4.0,19,0,0,1,14,3,0,6,9,120,2,0,0,3,0,1,4,0,0,0,0,0,0,0,0,0,0,0,0,0,0,0,0,0,0,0,0,0,0,0,0,0,0,0,0,0,0,3,0,0,0,0,0,0,0,0
53,BS,1,1,5,7/22/2015,8/5/2015,.,.,.,.,.,.,.,.,.,.,.,.,.,.,.,.,.,0.0,0,0,0,0,.,0,.,.,.,.,.,.,.,.,.,.,.,.,.,.,.,.,.,0,.,.,.,.,0,0,.,.,0,.,0,0,.,.,0,.,.,0,.,.,0,0,.,.,0,0,0,0,.,.,.,.
54,Forest,0,0,5,7/22/2015,8/5/2015,Di,0,2,0,0,0,0,3,0,0,0,1,0,1,15,0,1,65.0,44,0,4,10,14,3,0,79,7,92,2,1,0,84,0,0,6,0,1,0,0,0,0,0,0,1,0,0,0,0,0,0,0,0,0,0,2,0,0,0,0,0,0,0,0,0,0,3,0,0,0,0,0,0,0,0
55,B,1,0,5,7/22/2015,8/5/2015,.,.,.,.,.,.,.,.,.,.,.,.,.,.,.,.,.,0.0,0,0,0,0,.,0,.,.,.,.,.,.,.,.,.,.,.,.,.,.,.,.,.,0,.,.,.,.,0,0,.,.,0,.,0,0,.,.,0,.,.,0,.,.,0,0,.,.,0,0,0,0,.,.,.,.
56,Forest,0,0,5,7/22/2015,8/5/2015,Di,0,0,0,0,0,0,0,0,0,0,0,0,0,12,0,0,1.0,1,0,0,0,0,0,0,6,3,1,2,0,0,9,0,0,2,0,0,0,0,0,0,0,0,1,0,0,0,0,0,0,0,0,0,0,0,0,0,0,0,0,0,0,0,0,0,0,0,0,0,0,0,0,0,0
57,BS,1,0,5,7/22/2015,8/5/2015,Di,0,0,0,0,0,0,0,0,0,0,10,0,0,1,0,0,0.0,0,0,0,0,0,0,0,0,21,5,103,1,0,5,0,0,0,5,0,0,0,0,0,0,0,0,0,0,0,0,0,0,0,0,0,0,3,0,0,0,0,0,0,0,0,0,0,0,0,0,0,0,0,0,0,0
58,Forest,0,0,5,7/22/2015,8/5/2015,Di,0,2,0,0,0,0,2,0,0,2,3,0,0,12,1,0,18.0,4,0,1,1,6,1,0,26,6,63,1,0,0,61,0,0,23,0,0,0,0,0,0,0,0,1,0,0,0,0,0,0,0,0,0,0,0,0,0,0,0,0,0,0,0,0,0,2,0,0,0,0,0,0,0,0
59,B,1,1,5,7/22/2015,8/5/2015,Di,0,1,1,0,0,0,1,0,0,3,0,0,0,6,0,0,121.0,63,0,6,4,0,3,0,2,2,100,0,2,0,1,0,0,15,0,0,0,0,0,0,0,0,0,0,0,0,0,0,0,0,0,0,0,0,0,0,0,0,0,0,0,0,0,0,0,0,0,0,0,0,0,0,0
60,Forest,0,0,5,7/22/2015,8/5/2015,Di,0,0,0,0,0,0,6,1,1,4,0,0,0,8,0,0,23.0,17,0,3,5,1,0,0,37,3,85,5,1,0,36,0,0,7,1,5,0,0,0,0,0,0,0,1,0,0,0,0,0,0,0,0,0,0,0,0,0,0,0,0,0,0,0,0,3,0,0,0,0,0,0,0,0
61,BS,1,1,5,7/22/2015,8/5/2015,.,.,.,.,.,.,.,.,.,.,.,.,.,.,.,.,.,0.0,0,0,0,0,.,0,.,.,.,.,.,.,.,.,.,.,.,.,.,.,.,.,.,0,.,.,.,.,0,0,.,.,0,.,0,0,.,.,0,.,.,0,.,.,0,0,.,.,0,0,0,0,.,.,.,.
62,Forest,0,0,5,7/22/2015,8/5/2015,.,.,.,.,.,.,.,.,.,.,.,.,.,.,.,.,.,0.0,0,0,0,0,.,0,.,.,.,.,.,.,.,.,.,.,.,.,.,.,.,.,.,0,.,.,.,.,0,0,.,.,0,.,0,0,.,.,0,.,.,0,.,.,0,0,.,.,0,0,0,0,.,.,.,.
63,B,1,0,5,7/22/2015,8/5/2015,Di,0,1,0,0,0,0,2,0,0,0,0,0,0,6,0,0,28.0,14,0,4,1,2,1,0,3,1,21,0,0,0,0,0,0,5,0,0,0,0,0,0,0,0,0,3,0,1,0,0,0,0,0,0,0,0,0,0,0,0,0,0,0,0,0,0,1,0,0,0,0,0,0,0,0
64,Forest,0,0,5,7/22/2015,8/5/2015,.,.,.,.,.,.,.,.,.,.,.,.,.,.,.,.,.,0.0,0,0,0,0,.,0,.,.,.,.,.,.,.,.,.,.,.,.,.,.,.,.,.,0,.,.,.,.,0,0,.,.,0,.,0,0,.,.,0,.,.,0,.,.,0,0,.,.,0,0,0,0,.,.,.,.
1,Light,1,0,6,8/6/2015,8/18/2015,Kayla,0,3,0,0,1,0,147,0,5,2,6,0,0,11,2,1,97.0,23,0,43,0,21,2,0,52,5,56,1,0,0,10,0,0,2,0,1,0,0,0,0,0,0,2,4,1,0,0,0,0,0,0,0,0,0,0,0,0,0,0,0,0,0,0,0,0,0,0,0,0,0,0,0,0
2,Control,0,0,6,8/6/2015,8/18/2015,Kayla,0,1,0,0,1,0,172,0,2,2,2,0,0,11,10,0,23.0,1,0,11,0,0,9,0,13,3,89,4,1,0,37,0,0,0,0,1,1,0,0,0,0,0,1,0,1,0,0,0,0,0,0,0,0,0,0,0,0,0,0,0,0,0,0,0,0,0,0,0,0,0,0,1,0
3,Veg,0,1,6,8/6/2015,8/18/2015,Kara,1,0,0,0,0,0,19,0,0,0,0,0,0,10,2,0,41.0,15,0,116,7,190,16,0,7,9,105,1,0,0,25,0,1,4,6,10,0,0,0,0,0,0,2,0,0,0,0,0,0,0,0,0,0,0,0,0,0,0,0,0,0,0,0,0,0,0,0,0,0,0,0,0,0
4,Control,0,0,6,8/6/2015,8/18/2015,Kayla,1,2,0,0,0,1,96,0,4,4,0,0,0,19,5,1,126.0,6,1,12,0,18,4,0,20,3,64,0,0,4,0,0,0,0,0,0,1,0,0,0,0,0,2,2,0,0,0,0,0,0,0,0,0,0,0,0,0,0,0,0,0,0,0,0,0,0,2,0,1,0,0,0,0
5,Veg,0,1,6,8/6/2015,8/18/2015,Kayla,1,1,0,0,2,1,10,0,0,3,1,0,0,11,4,1,33.0,12,0,3,2,9,0,0,22,3,31,0,0,1,8,1,0,4,0,0,0,0,0,0,0,0,0,2,0,0,0,0,2,0,0,0,0,0,0,0,0,0,0,0,0,0,0,0,?,0,0,0,0,0,0,0,0
6,Light,1,0,6,8/6/2015,8/18/2015,Kara,0,6,0,0,0,2,69,0,9,0,1,0,1,16,4,1,178.0,44,2,121,9,46,11,1,13,8,73,1,0,0,8,0,2,2,0,1,0,0,0,0,0,0,0,12,0,0,0,0,0,0,0,0,0,0,0,0,0,0,0,0,0,0,0,0,0,0,0,0,0,0,0,0,0
7,Light+Veg,1,1,6,8/6/2015,8/18/2015,Kayla,0,0,0,1,0,5,14,1,7,18,3,0,0,31,35,0,89.0,49,0,10,1,19,2,0,9,7,138,0,1,1,7,0,0,0,2,0,1,0,0,0,0,0,3,8,0,0,0,0,0,0,0,0,0,0,0,0,0,0,0,0,0,0,0,0,0,0,0,0,0,0,0,0,0
8,Light+Veg,1,1,6,8/6/2015,8/18/2015,Kara,0,0,0,0,0,0,45,5,0,0,0,0,0,10,15,0,83.0,18,1,3,5,2,1,0,5,13,90,0,1,0,2,0,0,2,2,0,0,0,0,0,0,0,0,7,0,0,0,0,0,0,0,0,0,0,0,0,0,0,0,0,0,0,0,0,0,0,0,0,0,0,0,0,0
9,Veg,0,1,6,8/6/2015,8/18/2015,Kayla,0,2,0,0,0,0,9,0,1,5,0,0,0,12,3,0,44.0,8,0,4,29,28,0,0,22,4,28,0,0,0,4,0,0,0,0,0,0,0,0,0,0,0,1,0,0,0,0,0,0,0,0,0,0,0,0,0,0,0,0,0,0,0,0,0,1,0,0,0,0,0,0,1,0
10,Light+Veg,1,1,6,8/6/2015,8/18/2015,Kara,0,2,0,1,0,0,4,0,1,10,0,0,0,7,4,0,46.0,0,0,3,6,13,3,0,3,6,47,0,1,0,9,0,0,1,1,0,0,0,0,0,0,0,2,9,0,0,0,0,0,0,0,0,0,0,0,0,0,0,0,0,0,0,0,0,0,0,0,0,0,0,0,0,0
11,Control,0,0,6,8/6/2015,8/18/2015,Kayla,2,2,0,0,0,0,0,0,0,2,1,0,0,10,0,0,45.0,0,0,5,14,4,0,0,11,2,16,0,0,0,1,0,1,0,0,0,0,0,0,1,0,0,0,1,0,0,0,0,1,0,0,0,0,0,0,0,0,0,0,0,0,0,0,0,2 ?,0,0,0,0,0,0,0,0
12,Light+Veg,1,1,6,8/6/2015,8/18/2015,Kayla,0,0,0,0,0,0,13,0,1,3,1,0,0,18,14,0,104.0,3,0,0,0,1,0,0,1,16,57,0,0,0,3,0,0,1,1,0,0,0,0,0,0,0,3,3,0,0,0,0,0,0,0,0,0,0,0,0,0,0,0,0,0,0,0,0,0,0,0,0,2,0,0,0,0
13,Veg,0,1,6,8/6/2015,8/18/2015,Kayla,0,0,0,0,0,0,124,0,0,12,0,0,0,9,0,0,12.0,7,0,6,0,7,1,0,2,5,24,0,0,0,0,0,0,0,0,1,1,0,0,0,0,0,0,0,0,0,0,0,0,0,0,0,0,0,0,0,0,0,0,0,0,0,0,0,0,0,0,0,0,0,0,0,0
14,Light,1,0,6,8/6/2015,8/18/2015,Kayla,0,2,1,0,0,0,101,0,0,1,0,0,0,10,1,0,110.0,11,0,3,7,3,3,0,13,4,30,0,0,0,0,0,0,3,0,0,0,0,0,0,0,0,1,0,0,0,0,0,0,0,0,0,0,0,0,0,0,0,0,0,0,0,0,0,0,0,0,0,0,0,0,0,0
15,Light,1,0,6,8/6/2015,8/18/2015,Kayla,0,2,0,0,2,1,74,0,5,21,0,0,0,12,0,0,47.0,14,1,8,0,17,2,0,3,0,65,2,1,0,2,0,0,1,1,0,0,0,0,0,0,0,0,1,0,0,0,0,0,0,0,0,0,0,0,0,0,0,0,0,0,0,0,0,0,0,0,0,0,0,0,0,0
16,Veg,0,1,6,8/6/2015,8/18/2015,Kayla,0,0,0,0,0,0,20,0,1,9,1,0,0,4,4,0,12.0,5,0,27,2,29,0,0,5,1,43,1,2,0,0,0,0,2,0,0,0,0,0,0,0,0,3,0,0,0,0,0,0,0,0,0,0,0,0,0,0,0,0,0,0,0,0,0,0,0,0,0,0,0,0,0,0
17,Light,1,0,6,8/6/2015,8/18/2015,Kara,0,6,0,0,0,0,0,0,1,0,0,0,3,4,0,0,96.0,32,0,4,1,0,2,0,1,4,4,0,0,0,0,0,0,0,0,0,0,0,0,0,0,0,0,0,0,0,0,0,0,0,0,0,0,0,0,0,0,0,0,0,0,0,0,0,0,0,0,0,0,0,0,0,0
18,Veg,0,1,6,8/6/2015,8/18/2015,Kayla,0,0,0,0,0,0,2,0,0,3,0,0,0,11,0,0,23.0,8,0,1,3,4,1,0,0,0,18,0,1,0,0,0,0,0,0,0,0,0,0,0,0,0,1,0,0,0,0,0,0,0,0,0,0,0,0,0,0,0,0,0,0,0,0,0,1,0,0,0,0,0,0,1,0
19,Control,0,0,6,8/6/2015,8/18/2015,Kayla,1,0,1,0,0,0,1,0,0,14,1,0,2,8,1,0,63.0,19,0,23,0,28,4,0,5,13,82,0,1,0,2,0,0,0,0,0,1,0,0,0,0,0,1,0,0,0,0,0,0,0,0,0,0,0,0,0,0,0,0,0,0,0,0,0,0,0,1,0,0,0,0,0,0
20,Light,1,0,6,8/6/2015,8/18/2015,Kayla,0,0,0,0,0,0,15,0,0,4,0,1,13,7,2,0,201.0,12,0,26,6,13,0,0,18,35,32,1,0,0,0,0,0,0,0,0,1,0,0,0,0,0,0,0,0,0,0,0,0,0,0,0,0,0,0,0,0,0,0,0,0,0,0,0,0,0,0,0,0,0,0,1,0
25,Control,0,0,6,8/6/2015,8/18/2015,Kara,0,2,0,0,0,0,16,0,0,28,0,0,0,5,0,0,41.0,9,0,23,42,33,2,0,19,1,37,2,0,0,0,0,0,0,0,0,0,0,0,0,0,0,2,0,0,0,0,0,0,0,0,0,0,0,0,0,0,0,0,0,0,0,0,0,1,0,0,0,0,0,0,0,0
26,Light+Veg,1,1,6,8/6/2015,8/18/2015,Kara,0,0,0,0,0,4,15,0,0,3,0,0,0,10,9,1,103.0,23,16,146,28,269,69,0,10,3,30,3,1,0,78,0,0,1,1,2,0,0,0,0,0,0,1,5,0,0,0,0,0,0,0,0,0,0,0,0,0,0,0,0,0,0,0,0,0,0,0,0,0,0,0,0,0
27,Control,0,0,6,8/6/2015,8/18/2015,Kayla,0,1,1,0,1,0,4,0,0,35,0,3,6,1,0,0,25.0,10,1,10,8,10,7,0,48,2,19,0,1,0,52,0,1,2,0,0,0,0,0,0,0,0,2,0,0,0,0,0,0,0,0,0,0,0,0,0,0,0,0,0,0,0,0,0,0,0,0,0,0,0,0,0,0
28,Light+Veg,1,1,6,8/6/2015,8/18/2015,Kayla,1,0,0,0,0,0,13,0,0,10,1,0,0,3,0,0,11.0,1,0,9,5,20,6,0,26,2,25,0,0,0,86,0,0,1,0,2,1,0,0,0,0,0,0,3,0,0,0,0,0,0,0,0,0,0,0,0,0,0,0,0,0,0,0,0,0,0,0,0,0,0,0,1,0
29,Control,0,0,6,8/6/2015,8/18/2015,Kara,0,0,0,0,0,0,4,0,0,6,0,0,0,2,0,0,63.0,8,0,4,4,4,0,0,12,6,26,0,0,0,0,0,0,0,0,0,0,0,0,0,0,0,0,0,0,0,0,0,0,0,0,0,0,0,0,0,0,0,0,0,0,0,0,0,0,0,0,0,0,0,0,0,0
30,Control,0,0,6,8/6/2015,8/18/2015,Kara,0,0,0,0,0,0,2,0,0,6,0,0,0,10,2,0,53.0,4,0,15,3,12,1,0,6,10,120,1,0,2,9,0,0,1,0,2,0,0,0,0,0,0,2,1,0,0,0,0,0,0,0,0,0,0,4,0,0,0,2,0,0,0,0,0,0,0,0,0,0,0,0,0,0
31,Control,0,0,6,8/6/2015,8/18/2015,Kara,0,0,0,0,1,1,2,0,0,1,0,1,0,6,4,0,41.0,6,0,10,13,2,2,0,12,6,48,0,0,0,15,0,1,0,0,0,0,0,0,0,0,0,1,1,0,0,0,0,0,0,0,0,0,0,0,0,0,0,0,0,0,0,0,0,0,0,0,0,0,0,0,0,0
32,Control,0,0,6,8/6/2015,8/18/2015,Kayla,0,1,0,0,0,0,10,0,1,8,0,0,0,8,0,0,34.0,4,0,1,2,8,1,0,17,1,5,0,0,0,0,0,0,0,0,0,0,0,0,0,0,0,0,2,0,0,0,0,0,0,0,0,0,0,0,0,0,0,0,0,0,0,0,0,0,0,0,0,0,0,0,0,0
33,Control,0,0,6,8/5/2015,8/17/2015,Kayla,0,0,0,0,1,0,8,0,0,61,0,0,0,8,1,0,31.0,21,2,4,0,67,6,0,7,9,51,0,1,1,0,0,0,8,0,0,0,0,0,0,0,0,2,0,0,0,0,0,0,0,0,0,0,0,0,0,0,0,0,0,0,0,0,0,0,0,0,0,0,0,0,0,0
34,Control,0,0,6,8/5/2015,8/17/2015,Kayla,0,2,0,0,0,0,3,0,0,20,0,0,0,13,1,0,13.0,6,0,0,1,1,0,0,4,5,17,0,1,0,0,0,1,0,0,0,0,0,0,0,0,0,0,0,0,0,0,0,0,0,0,0,0,0,0,0,0,0,0,0,0,0,0,0,1,0,0,0,0,0,0,0,0
35,Control,0,0,6,8/5/2015,8/17/2015,Kayla,0,0,1,0,0,0,4,0,0,18,0,0,0,7,0,0,6.0,9,0,1,0,6,3,0,0,6,19,0,0,0,0,0,0,1,0,0,0,0,0,0,0,0,2,0,0,0,0,0,0,0,0,0,0,0,0,0,0,0,0,0,0,0,0,0,0,0,0,0,0,0,0,0,0
36,Control,0,0,6,8/5/2015,8/17/2015,Kayla,0,1,0,0,1,0,3,0,0,2,0,0,0,4,1,0,4.0,2,0,1,1,0,0,0,5,4,2,0,0,0,0,0,0,1,0,0,0,0,0,0,0,0,0,0,0,0,0,0,0,0,0,0,0,0,0,0,0,0,0,0,0,0,0,0,0,0,0,0,1,0,0,0,0
37,Control,0,0,6,8/6/2015,8/18/2015,Kara,0,3,0,0,2,0,9,2,0,13,0,0,0,19,1,0,85.0,16,0,9,9,33,3,0,12,10,65,1,0,0,0,0,0,1,0,1,0,0,0,0,0,0,1,0,0,0,0,0,0,0,0,0,0,0,0,0,0,0,0,0,0,0,0,0,0,0,0,0,0,0,0,1,0
38,Control,0,0,6,8/6/2015,8/18/2015,Kayla,0,0,2,0,0,0,2,0,0,0,1,0,2,22,0,0,25.0,13,0,3,0,0,0,0,0,7,0,0,0,0,0,0,1,0,0,0,0,0,0,0,0,0,0,0,0,0,0,0,0,0,0,0,0,0,0,0,0,0,0,0,0,0,0,0,0,0,0,0,0,0,0,1,0
39,Control,0,0,6,8/6/2015,8/18/2015,Kara,1,3,1,0,4,0,3,0,3,48,0,0,0,6,1,0,47.0,37,0,19,2,7,7,0,22,8,62,0,0,0,3,0,0,0,0,3,0,0,0,0,0,0,2,0,0,0,0,0,0,0,0,0,0,0,0,0,0,0,2,0,0,0,0,0,0,0,0,0,0,0,0,0,0
40,Control,0,0,6,8/6/2015,8/18/2015,Kara,0,1,1,0,1,0,1,0,5,12,0,0,2,3,1,0,37.0,40,0,1,0,21,3,0,5,8,45,0,0,0,0,0,0,0,0,0,0,0,0,0,0,0,0,0,0,0,0,0,0,0,0,0,0,0,0,0,0,0,0,0,0,0,0,0,0,0,0,0,0,0,0,1,0
41,Forest,0,0,6,8/5/2015,8/17/2015,Kara,0,0,0,0,0,0,0,0,0,1,0,0,0,0,0,0,5.0,0,0,0,1,0,0,0,1,0,2,0,0,0,0,0,0,0,0,0,0,0,0,0,0,0,0,0,0,0,0,0,0,0,0,0,0,0,0,0,0,0,0,0,0,0,0,0,0,0,0,0,0,0,0,0,0
42,BS,1,1,6,8/5/2015,8/17/2015,Kayla,0,0,0,0,1,0,5,0,0,0,0,0,0,3,0,0,8.0,0,0,17,0,2,0,0,0,1,5,0,0,0,0,0,0,1,0,0,0,0,0,0,0,0,1,0,0,0,0,0,1,0,0,0,0,0,0,0,0,0,0,0,0,0,0,0,0,0,0,0,0,0,0,0,0
43,B,1,0,6,8/5/2015,8/17/2015,Kayla,0,0,0,0,0,0,5,0,0,3,0,0,0,5,0,0,7.0,7,0,0,0,0,0,0,0,0,58,0,0,0,0,0,0,8,0,0,0,0,0,0,0,0,0,0,0,0,0,0,0,0,0,0,0,0,0,0,0,0,0,0,0,0,0,0,0,0,0,0,0,0,0,0,0
44,Forest,0,0,6,8/5/2015,8/17/2015,Kara,0,0,0,0,0,0,1,0,0,0,0,0,0,3,0,0,16.0,23,0,1,6,2,1,0,0,0,7,0,0,0,0,0,0,0,0,0,0,0,0,0,0,0,0,0,0,0,0,0,0,0,0,0,0,0,0,0,0,0,0,0,0,0,0,0,0,0,0,0,0,0,0,0,0
45,Forest,0,0,6,8/5/2015,8/17/2015,Kara,0,0,0,0,1,0,0,0,0,2,0,2,0,6,0,0,41.0,6,0,1,2,4,0,0,2,5,3,0,0,0,0,0,1,1,0,0,0,0,0,0,0,0,0,0,0,0,0,0,0,0,0,0,0,0,0,0,0,0,0,0,0,0,0,0,0,0,0,0,0,0,0,0,0
46,BS,1,1,6,8/5/2015,8/17/2015,Kayla,2,0,3,0,0,0,0,0,0,0,0,0,0,24,14,1,36.0,10,0,2,0,5,0,0,0,3,24,0,0,0,0,0,0,0,0,0,0,0,0,0,0,0,0,0,0,0,0,0,0,0,0,0,0,0,0,0,0,0,0,0,0,0,0,0,0,0,0,0,0,0,0,0,0
47,B,1,0,6,8/5/2015,8/17/2015,Kayla,0,0,0,0,0,0,5,0,0,0,0,0,0,7,8,1,22.0,8,0,1,0,0,0,0,0,1,22,0,0,0,0,0,0,0,0,1,0,0,0,0,0,0,2,0,0,0,0,0,0,0,0,0,0,0,0,0,0,0,0,0,0,0,0,0,0,0,0,0,0,0,0,1,0
48,Forest,0,0,6,8/5/2015,8/17/2015,Kara,0,0,0,0,0,0,7,0,0,0,0,0,0,7,0,0,12.0,3,0,6,16,21,1,0,0,3,59,0,0,0,1,0,0,2,0,1,0,0,0,0,0,0,0,2,0,0,0,0,0,0,0,0,0,0,0,0,0,0,0,0,0,0,0,0,0,0,0,0,0,0,0,0,0
49,BS,1,1,6,8/5/2015,8/17/2015,Kayla,1,2,0,0,0,0,0,0,1,0,0,0,0,19,0,0,39.0,27,0,1,53,0,0,0,0,41,2,0,0,0,0,0,0,0,0,0,1,0,0,0,0,0,0,7,0,0,0,0,0,0,0,0,0,0,0,0,0,0,0,0,0,0,0,0,0,0,0,14,0,0,0,0,0
50,Forest,0,0,6,8/5/2015,8/17/2015,Kayla,0,0,0,0,1,1,6,0,3,2,0,0,4,14,0,0,17.0,10,0,1,0,2,0,0,1,1,28,0,0,0,0,0,0,0,0,0,0,0,0,0,0,0,1,0,0,0,0,0,0,0,0,0,0,0,0,0,0,0,0,0,0,0,0,0,0,0,0,0,0,0,0,0,0
51,B,1,0,6,8/5/2015,8/17/2015,Kayla,2,4,0,0,0,0,1,0,0,1,0,0,0,9,0,0,39.0,4,0,0,2,1,0,0,2,2,13,0,0,0,0,0,0,0,0,0,0,0,0,1,0,0,0,0,0,0,0,0,0,0,0,0,0,0,0,0,0,0,0,0,0,0,0,0,0,0,0,0,0,0,0,0,0
52,Forest,0,0,6,8/5/2015,8/17/2015,Kayla,0,2,0,0,2,0,6,0,1,6,1,0,0,1,1,0,19.0,2,0,0,1,25,0,0,2,7,63,0,1,0,0,0,0,0,0,0,0,0,0,0,0,0,0,0,0,0,0,0,0,0,0,0,0,0,0,0,0,0,0,0,0,0,0,0,0,0,0,0,0,0,0,0,0
53,BS,1,1,6,8/5/2015,8/17/2015,Kayla,0,0,0,0,1,0,19,2,0,5,0,0,0,15,1,0,56.0,18,2,3,0,2,0,0,138,8,37,0,0,0,0,0,0,6,0,4,6,0,0,0,0,0,0,2,0,0,0,0,0,0,0,0,0,0,0,1,0,0,0,0,0,0,0,0,0,0,0,0,0,0,0,0,0
54,Forest,0,0,6,8/5/2015,8/17/2015,Kara,0,1,0,0,0,3,2,1,0,1,0,0,1,13,2,0,68.0,14,1,7,21,29,8,1,52,64,0,0,0,0,0,0,0,1,0,0,0,0,0,0,0,0,3,1,0,0,0,0,0,0,0,0,0,0,0,0,0,0,0,0,0,0,0,0,0,0,0,0,0,0,0,1,0
55,B,1,0,6,8/5/2015,8/17/2015,Kara,0,0,0,0,1,0,5,0,0,20,0,0,0,4,0,0,22.0,8,0,16,5,81,9,0,27,4,21,0,1,0,1,0,0,10,0,0,0,0,0,0,0,0,3,0,0,0,0,1,0,0,0,0,0,0,0,0,0,0,0,0,0,0,0,0,0,0,0,0,0,0,0,0,0
56,Forest,0,0,6,8/5/2015,8/17/2015,Kayla,0,0,0,0,0,0,1,0,0,0,0,0,0,15,1,0,30.0,7,0,10,6,16,0,0,52,7,25,0,0,0,2,0,0,13,0,1,0,0,0,0,0,0,0,0,0,0,0,0,0,0,0,0,0,0,0,0,0,0,0,0,0,0,0,0,1,0,0,0,0,0,0,0,0
57,BS,1,0,6,8/5/2015,8/17/2015,Kara,0,0,0,0,0,0,1,0,1,3,1,0,0,7,2,0,49.0,6,0,4,0,2,1,0,17,20,59,4,5,0,6,0,0,3,1,0,0,0,0,0,0,0,0,17,0,0,0,0,0,0,0,0,0,0,21,0,0,0,3,0,0,0,0,0,3,0,0,0,0,0,0,0,0
58,Forest,0,0,6,8/5/2015,8/17/2015,Kara,0,1,0,0,2,1,2,0,0,8,1,0,0,10,0,0,108.0,5,1,13,34,131,9,0,6,5,152,5,0,0,39,0,0,16,0,1,0,0,0,0,0,0,5,0,0,0,0,0,0,0,0,0,0,0,0,0,0,0,2,0,0,0,0,0,0,0,0,0,0,0,0,0,0
59,B,1,1,6,8/5/2015,8/17/2015,Kayla,0,1,0,0,2,0,2,0,0,2,0,0,0,12,0,1,105.0,4,0,7,6,5,2,0,26,2,85,0,0,0,0,0,0,8,0,1,0,0,1,0,0,0,0,0,0,0,0,0,0,0,0,0,0,0,0,0,0,0,0,0,0,0,0,0,0,0,0,0,0,0,0,0,0
60,Forest,0,0,6,8/5/2015,8/17/2015,Kara,0,0,0,0,1,0,7,1,0,7,0,0,0,3,0,0,80.0,28,0,128,37,121,16,0,22,5,52,7,3,0,110,0,0,10,0,14,0,0,0,0,0,0,1,0,0,0,0,0,0,0,0,0,0,0,0,0,0,0,0,0,0,0,0,0,0,0,0,0,0,0,0,0,0
61,BS,1,1,6,8/5/2015,8/17/2015,Kayla,0,1,2,0,0,0,9,0,0,9,2,0,0,7,2,0,51.0,7,1,4,0,23,4,0,11,4,102,6,0,0,0,0,0,7,0,0,0,0,0,0,0,0,4,1,0,0,0,0,0,0,0,0,0,0,0,0,0,0,0,0,0,0,0,0,0,0,0,0,1,0,0,0,0
62,Forest,0,0,6,8/5/2015,8/17/2015,Kayla,0,0,0,0,0,0,23,0,0,1,0,0,0,12,1,0,54.0,0,0,5,6,3,0,0,18,0,103,0,0,0,1,0,0,4,0,0,0,0,0,1,0,0,1,0,0,0,0,0,1,0,0,0,0,0,0,0,0,0,0,0,0,0,0,0,2,0,0,0,0,0,0,0,0
63,B,1,0,6,8/5/2015,8/17/2015,Kayla,0,1,0,0,0,0,3,0,0,0,1,0,0,4,0,0,15.0,2,1,3,1,1,2,0,0,0,0,0,0,0,0,0,0,0,0,0,0,0,0,0,0,0,0,0,0,0,0,0,0,0,0,0,0,0,0,0,0,0,0,0,0,0,0,0,0,0,0,0,0,0,0,0,0
64,Forest,0,0,6,8/5/2015,8/17/2015,Kayla,1,2,1,0,1,1,10,0,0,2,0,0,0,8,0,1,30.0,7,0,2,0,3,1,0,14,8,166,0,0,0,6,0,2,6,0,0,0,0,0,0,0,0,0,0,0,0,0,0,0,0,0,0,0,0,0,0,0,0,0,0,0,0,0,0,1,0,0,0,1,0,0,0,0
