Site_ID,Site_ID_2,Treatment,Notes,Interval,DateSet,DateColl,Sorter,Oligochaeta,Snails,Slugs,Geophilomorpha,Lithobiomorpha,Scolopendromorpha,Polydesmida,Callipodida,Chordeumatida,Julida,Spirobolida,Polyzoniida,Isopoda,Araneae,Opiliones,Pseudoscorpiones,Protura,Diplura,Collembola,Onychiuridea,Isotomidea,Entomobryidae,Sminthuridae,Tomoceridae,Hypogastruridae,Neanuridae,Katiannidae,Dicyrtomidae,Odontelidae,Bourletiellidae,Coleoptera,Nitidulidae,Carabidae,Staphylinidae,Silphidae,Scarabaeidae,Trogidae,Geotrupidae,Elateridae,Curculionidae,Scolytinae,Histeridae ,Ptilidae,Phalacridae,Tenebrionidae,Meloidae,Lampyridae,Formicidae,Dermaptera,Rhaphidophoridae,Gryllidae,Blattidae
41,0,Forest,,1,6/1/2022,6/15/2022,Cesia Cerrato,25,0,0,0,0,0,0,0,0,0,0,0,0,3,0,0,0,0,47,0,2,1,0,5,28,0,1,10,0,0,12,0,2,3,0,3,0,0,0,2,1,0,1,0,0,0,0,3,0,0,1,0
42,1,Salvaged,,1,6/2/2022,6/15/2022,Diane Hartzler,0,1,0,2,0,0,0,0,0,0,0,0,0,23,3,1,0,0,282,0,32,38,0,42,136,0,1,33,0,0,0,0,1,7,0,0,0,0,0,1,0,0,0,0,0,0,0,25,0,0,0,0
43,2,Windthrow,,1,6/2/2022,6/15/2022,Cesia Cerrato,18,0,0,0,0,1,2,0,0,0,0,0,0,10,0,0,0,0,887,0,314,5,0,45,485,0,1,37,0,0,57,1,1,20,0,28,0,0,0,0,1,0,0,0,0,0,0,19,0,0,1,0
44,3,Forest,,1,6/1/2022,6/15/2022,Cesia Cerrato,1,0,0,0,0,0,2,0,0,0,0,0,0,13,0,0,0,0,295,1,22,11,0,28,214,0,2,17,0,0,14,3,1,8,0,0,0,0,0,0,0,0,0,0,0,0,0,16,0,0,0,0
45,4,Forest,,1,6/2/2022,6/15/2022,Lizzie Arnold,0,2,0,0,0,1,5,0,0,0,0,0,1,9,5,1,0,0,204,0,41,4,0,14,98,0,1,46,0,0,12,2,2,3,0,0,0,0,0,0,1,0,0,0,1,0,0,21,0,0,0,0
46,5,Salvaged,,1,6/2/2022,6/15/2022,Cesia Cerrato,1,0,0,0,0,0,2,0,0,0,0,0,0,32,0,2,0,0,299,0,27,34,0,84,63,0,2,89,0,0,23,0,6,19,0,0,0,0,0,1,1,0,0,0,0,0,0,21,0,0,0,0
47,6,windthrow,,1,6/2/2022,6/15/2022,Cesia Cerrato,41,0,0,0,0,0,3,0,0,0,0,0,0,9,0,2,0,0,265,0,28,12,0,5,163,0,0,57,0,0,15,2,0,9,0,0,0,0,0,0,1,0,0,0,0,0,0,16,0,0,0,0
48,7,Forest,Lost Sample,1,6/2/2022,6/15/2022,Cesia Cerrato,,,,,,,,,,,,,,,,,,,,,,,,,,,,,,,,,,,,,,,,,,,,,,,,,,,,
49,8,Salvaged,,1,6/2/2022,6/15/2022,Cesia Cerrato,3,0,0,0,0,0,2,0,0,0,0,0,1,27,0,0,0,0,58,0,3,36,0,4,7,0,0,8,0,0,7,0,4,2,0,0,0,0,0,0,0,0,0,0,0,0,0,22,0,0,3,1
50,9,Forest,,1,6/2/2022,6/15/2022,Diane Hartzler,1,0,0,0,0,0,2,0,0,0,0,0,0,6,4,0,0,1,87,0,0,4,0,10,5,0,1,67,0,0,1,3,4,8,0,0,0,0,0,0,1,0,1,1,0,0,0,2,0,0,0,0
51,10,Windthrow,,1,6/2/2022,6/15/2022,Lizzie Arnold,0,3,0,0,0,0,1,0,0,0,0,0,0,12,0,0,0,0,573,0,72,4,0,49,398,0,0,50,0,0,24,1,5,11,0,0,0,0,0,0,0,0,1,0,0,0,0,10,0,0,2,0
52,11,Forest,,1,6/2/2022,6/15/2022,Lizzie Arnold,0,0,0,0,0,0,4,0,0,0,0,0,0,31,0,0,0,0,574,0,122,134,0,156,52,0,11,99,0,0,37,0,0,28,0,0,0,0,0,0,0,0,0,0,0,0,0,30,0,0,13,0
53,12,Salvaged,,1,6/1/2022,6/15/2022,Cesia Cerrato,3,0,0,0,0,0,4,0,0,0,0,0,0,26,0,2,0,0,360,0,29,6,1,167,119,5,2,31,0,0,34,0,2,19,0,0,0,0,0,2,0,1,1,0,0,0,0,33,0,0,0,0
54,13,Forest,,1,6/1/2022,6/15/2022,Cesia Cerrato,1,0,0,0,0,0,1,0,0,0,0,0,0,1,0,0,0,0,46,0,7,1,0,2,12,0,1,23,0,0,6,1,0,2,0,0,0,0,0,0,0,0,0,0,0,0,0,15,0,0,0,0
55,14,Windthrow,,1,6/1/2022,6/15/2022,Cesia Cerrato,9,0,0,0,0,0,1,0,0,0,0,0,0,11,0,1,0,0,230,3,5,4,0,29,162,0,2,25,0,0,28,0,7,18,0,0,0,0,0,0,0,0,0,0,0,0,0,32,0,0,1,0
56,15,Forest,,1,6/1/2022,6/15/2022,Diane Hartzler,0,0,0,0,0,0,9,0,0,0,0,0,0,12,1,0,0,0,986,8,66,3,0,37,813,0,1,57,1,0,0,0,0,13,11,0,0,0,0,6,0,0,5,2,0,0,0,19,0,0,0,0
57,16,Salvaged,,1,6/1/2022,6/15/2022,Cesia Cerrato,20,0,0,0,0,2,0,0,0,0,0,0,3,26,0,2,0,0,341,1,70,15,0,95,93,0,3,63,0,1,12,0,0,5,0,0,0,0,0,4,0,0,0,0,0,0,0,34,0,0,1,0
58,17,Forest,,1,6/1/2022,6/15/2022,Diane Hartzler,0,0,0,0,0,0,2,0,0,0,0,0,0,5,1,1,0,0,298,3,6,6,0,35,133,0,4,111,0,0,5,0,0,6,0,0,0,0,0,0,1,0,0,1,0,0,0,11,0,0,0,0
59,18,Windthrow,,1,6/1/2022,6/15/2022,Cesia Cerrato,2,0,0,0,0,3,6,0,0,0,0,0,1,17,0,1,0,0,400,2,15,3,0,103,103,0,3,171,0,0,11,0,7,1,0,0,0,0,0,2,0,0,0,0,0,0,0,36,0,0,0,0
60,19,Forest,,1,6/1/2022,6/15/2022,Cesia Cerrato,12,0,0,0,0,0,2,0,0,0,0,0,0,11,0,1,0,0,230,2,7,15,0,21,95,0,2,88,0,0,10,0,0,6,0,1,0,0,0,0,0,1,0,0,0,0,0,14,0,0,0,0
61,20,Salvaged,,1,6/1/2022,6/15/2022,Diane Hartzler ,0,2,5,5,0,0,4,0,0,0,0,0,0,19,1,2,0,0,585,1,67,2,0,65,317,0,0,129,2,0,0,0,3,10,0,0,0,0,0,19,1,0,0,3,0,0,0,44,0,0,0,0
62,21,Forest,Lost sample,1,6/1/2022,6/15/2022,Cesia Cerrato,,,,,,,,,,,,,,,,,,,0,0,0,0,0,0,0,0,0,0,0,0,,,,,,,,,,,,,,,,,,,,,,
63,22,Windthrow,,1,6/1/2022,6/15/2022,Cesia Cerrato,8,0,0,0,0,3,12,0,0,0,0,0,3,11,0,3,0,0,444,14,19,28,0,121,60,1,0,200,1,0,10,0,5,3,0,0,0,0,0,1,0,0,0,0,1,0,0,31,0,1,0,0
64,23,Forest,,1,6/1/2022,6/15/2022,Cesia Cerrato,6,0,0,0,0,0,4,0,0,0,0,0,0,13,0,0,0,0,428,1,29,31,0,122,81,0,5,159,0,0,29,0,4,21,0,0,0,0,0,1,0,0,0,0,0,0,0,15,0,0,1,0
41,0,Forest,,2,6/15/2022,6/29/2022,Diane Hartzler,0,0,0,3,0,0,0,0,0,0,0,0,0,2,1,0,0,0,82,0,10,4,0,11,11,0,1,44,0,1,1,2,0,17,0,0,0,0,0,0,1,0,1,6,0,0,0,13,0,0,0,0
42,1,Salvaged,,2,6/15/2022,6/29/2022,Cesia Cerrato,1,0,0,0,0,1,0,0,0,0,0,0,0,16,0,0,0,0,507,0,171,82,0,72,140,0,0,42,0,0,38,2,1,22,0,0,0,0,0,0,0,0,0,0,0,0,1,9,0,0,3,0
43,2,Windthrow,,2,6/15/2022,6/29/2022,Haley Marcum,0,0,0,0,0,0,1,0,0,0,0,0,0,12,0,0,0,0,"1,169",0,801,15,0,21,288,0,1,40,3,0,30,5,1,14,0,1,0,0,0,0,0,0,0,0,0,0,0,5,0,0,0,0
44,3,Forest,,2,6/15/2022,6/29/2022,Lizzie Arnold,0,0,0,0,0,0,0,0,0,0,0,0,0,5,0,0,0,0,467,0,137,11,0,34,230,1,6,21,0,0,39,7,2,19,0,0,0,0,0,0,4,0,0,0,0,0,0,4,0,0,0,0
45,4,Forest,,2,6/15/2022,6/29/2022,Cesia Cerrato,18,0,0,0,0,0,5,0,0,0,0,0,0,19,0,0,0,0,226,0,98,12,0,13,44,0,1,58,0,0,41,4,5,19,0,0,0,0,0,0,6,0,0,0,0,0,0,13,0,0,3,0
46,5,Salvaged,,2,6/15/2022,6/29/2022,Haley Marcum,3,0,0,0,0,0,1,0,0,0,0,0,0,3,0,0,0,0,235,0,22,8,1,16,73,0,0,115,0,0,8,0,1,0,0,0,0,0,0,0,0,0,0,0,0,0,0,11,0,0,0,0
47,6,Windthrow,,2,6/15/2022,6/29/2022,Lizzie Arnold,0,0,0,0,0,0,4,0,0,4,0,0,0,10,3,2,0,0,314,0,63,27,0,47,75,0,0,102,0,0,141,29,6,38,0,0,0,0,0,3,6,0,32,0,0,0,0,27,0,0,0,0
48,7,Forest,,2,6/15/2022,6/29/2022,Lizzie Arnold,0,0,0,0,0,0,3,0,0,0,0,0,0,24,0,0,0,0,360,0,79,8,0,102,123,0,15,29,4,0,28,12,5,4,0,0,0,0,0,1,2,0,0,0,0,0,0,16,0,3,0,0
49,8,Salvaged,,2,6/15/2022,6/29/2022,Cesia Cerrato ,7,0,0,0,0,0,1,0,0,0,0,0,0,31,0,0,0,0,141,0,5,67,0,12,36,0,0,21,0,0,7,0,0,4,0,0,0,0,0,0,0,0,1,0,0,0,0,47,0,0,4,3
50,9,Forest,,2,6/15/2022,6/29/2022,Cesia Cerrato ,8,0,0,0,0,5,14,0,0,0,0,0,1,29,0,0,0,0,290,0,46,14,0,73,26,0,0,130,1,0,84,2,4,58,0,0,0,0,0,3,4,0,0,0,0,0,0,13,0,0,1,0
51,10,Windthrow,,2,6/15/2022,6/29/2022,Lizzie Arnold,0,2,0,0,0,1,6,0,0,0,0,0,0,13,1,1,0,0,217,0,63,20,0,52,44,0,0,38,0,0,81,4,7,45,0,0,0,0,0,0,2,0,5,0,0,0,0,19,0,0,12,0
52,11,Forest,,2,6/15/2022,6/29/2022,Lizzie Arnold,0,0,0,0,0,0,8,0,0,0,0,0,0,13,0,0,0,0,400,2,81,16,0,55,146,0,0,154,0,0,118,2,2,66,0,3,0,0,0,3,1,0,4,0,0,0,0,40,0,0,0,0
53,12,Salvaged,,2,6/15/2022,6/29/2022,Lizzie Arnold,0,2,0,0,0,0,7,0,0,0,0,0,0,19,0,1,0,0,1366,0,708,74,0,106,483,0,6,21,0,0,142,0,2,90,0,1,0,0,0,2,0,1,26,0,0,0,2,12,0,0,3,0
54,13,Forest,Lost Sample,2,6/15/2022,6/29/2022,Lizzie Arnold,,,,,,,,,,,,,,,,,,,,,,,,,,,,,,,,,,,,,,,,,,,,,,,,,,,,
55,14,Windthrow,,2,6/15/2022,6/29/2022,Haley Marcum,0,0,0,0,0,0,0,0,0,0,0,0,0,26,0,0,0,0,279,0,128,12,0,48,60,0,5,26,0,0,41,4,0,29,0,0,0,0,0,0,2,0,0,0,0,0,0,5,0,0,0,0
56,15,Forest,,2,6/15/2022,6/29/2022,Diane Hartzler,0,0,0,4,0,0,1,0,0,0,0,0,0,16,17,0,0,0,283,0,186,0,0,31,34,0,0,32,0,0,1,0,9,16,0,0,1,0,1,14,6,0,0,3,0,1,0,7,0,0,2,0
57,16,Salvaged,,2,6/15/2022,6/29/2022,Lizzie Arnold,0,0,0,0,0,0,9,0,0,0,0,0,5,22,3,0,0,0,721,0,365,50,0,123,113,0,6,64,0,0,126,2,5,38,0,0,0,0,0,3,1,0,33,0,0,0,0,46,0,2,0,0
58,17,Forest,,2,6/15/2022,6/29/2022,Lizzie Arnold,2,1,0,0,0,0,6,0,0,2,0,0,0,10,0,3,0,0,1000,5,96,25,0,262,245,0,7,360,0,0,79,15,2,31,0,0,0,0,0,0,1,0,5,0,0,0,0,18,0,0,0,0
59,18,Windthrow,,2,6/15/2022,6/29/2022,Diane Hartzler,3,1,0,0,0,4,3,0,0,0,0,0,0,9,1,0,0,0,308,0,17,2,1,23,109,0,0,155,0,0,43,0,4,0,0,0,0,0,0,0,0,0,0,0,0,0,0,20,0,4,1,0
60,19,Forest,,2,6/15/2022,6/29/2022,Lizzie Arnold,0,3,0,0,0,0,5,0,0,0,0,0,0,4,0,0,0,0,815,3,499,15,0,31,175,0,6,84,1,1,58,6,0,40,0,0,0,0,0,0,1,0,4,0,0,0,0,21,0,0,0,0
61,20,Salvaged,,2,6/15/2022,6/29/2022,Lizzie Arnold,0,0,0,0,0,0,0,0,0,0,0,0,0,2,0,0,0,0,428,0,110,10,0,20,237,0,2,22,0,0,28,2,1,9,0,0,0,0,0,6,2,0,2,0,0,0,0,14,0,1,0,0
62,21,Forest,Lost Sample,2,6/15/2022,6/29/2022,Lizzie Arnold,,,,,,,,,,,,,,,,,,,,,,,,,,,,,,,,,,,,,,,,,,,,,,,,,,,,
63,22,Windthrow,,2,6/15/2022,6/29/2022,Cesia Cerrato,0,0,0,0,0,4,3,0,0,0,0,0,0,16,0,0,0,0,209,0,29,6,0,85,30,0,0,59,0,0,29,3,0,14,0,0,0,0,0,1,4,0,0,0,0,0,1,20,0,0,0,0
64,23,Forest,,2,6/15/2022,6/29/2022,Cesia Cerrato ,247,0,0,0,0,0,3,0,0,0,0,0,0,10,0,0,0,0,658,0,186,44,1,55,203,0,0,169,0,0,104,3,2,75,0,0,0,0,0,2,3,0,0,0,0,0,0,9,0,0,2,1
41,0,Forest,,3,6/29/2022,7/13/2022,Lizzie Arnold,0,4,0,0,0,2,5,0,0,0,0,0,0,21,0,0,0,0,772,0,100,45,0,83,221,0,7,315,1,0,18,0,2,26,0,0,0,0,0,0,0,0,0,0,0,0,0,30,0,0,0,0
42,1,Salvaged,,3,6/29/2022,7/13/2022,Cassian Filbrun,0,1,0,0,0,1,8,0,0,0,0,0,0,16,1,1,0,0,172,0,16,24,0,75,43,1,1,12,0,0,11,0,1,0,0,0,0,0,0,0,0,0,0,0,0,0,0,9,0,0,0,0
43,2,Windthrow,,3,6/29/2022,7/13/2022,John Gallander ,0,0,0,0,0,0,7,0,0,0,0,0,0,17,1,0,0,0,231,0,4,3,0,78,87,0,0,59,0,0,16,0,1,21,0,0,0,0,0,0,0,0,0,0,0,0,0,20,0,0,0,0
44,3,Forest,,3,6/29/2022,7/13/2022,Cassian Filbrun,0,0,0,0,0,1,3,0,0,0,0,0,0,16,0,0,0,0,325,0,82,3,0,56,166,0,1,16,1,0,54,0,13,48,0,0,0,0,0,0,0,0,0,0,0,0,0,7,0,0,0,0
45,4,Forest,,3,6/29/2022,7/13/2022,Haley Marcum,0,0,0,0,0,1,4,0,0,0,0,0,2,7,2,0,0,0,402,0,20,51,0,50,151,1,10,114,5,0,11,0,3,55,0,0,0,0,0,0,0,0,0,0,0,0,0,11,0,2,0,0
46,5,Salvaged,,3,6/29/2022,7/13/2022,Lizzie Arnold,1,0,0,0,0,0,8,0,0,0,0,0,0,13,0,0,0,0,410,0,20,105,0,169,41,0,1,74,0,0,14,0,8,17,0,0,0,0,0,0,0,0,0,0,0,0,0,22,0,0,6,0
47,6,Windthrow,,3,6/29/2022,7/13/2022,John Gallander ,0,0,0,0,0,1,14,0,0,0,0,0,0,23,1,0,0,0,1615,0,331,54,0,108,860,0,0,251,11,0,84,0,5,99,0,0,0,0,0,0,0,0,0,0,0,0,0,27,0,0,0,0
48,7,Forest ,,3,6/29/2022,7/13/2022,Lizzie Arnold,0,0,0,0,0,0,1,0,0,0,0,0,0,2,0,0,0,0,175,0,6,8,0,67,72,0,3,15,3,1,17,4,0,6,0,1,0,0,0,0,1,0,2,0,0,0,0,8,0,1,0,0
49,8,Salvaged,,3,6/29/2022,7/13/2022,Lizzie Arnold,0,1,0,0,0,0,14,0,0,0,0,0,7,20,1,1,0,0,422,0,33,258,0,56,56,0,0,19,0,0,34,0,22,1,0,0,0,0,0,0,0,0,0,0,0,0,0,69,0,1,18,0
50,9,Forest,,3,6/29/2022,7/13/2022,Lizzie Arnold,0,2,0,0,0,2,40,0,0,0,0,0,1,10,1,0,0,0,301,0,32,59,0,75,44,0,1,89,1,0,12,0,1,0,0,0,0,0,0,0,0,0,0,0,0,0,0,20,0,0,0,0
51,10,Windthrow,,3,6/29/2022,7/13/2022,John Gallander ,0,1,0,0,0,0,7,0,0,0,0,0,0,10,0,0,0,0,108,0,6,5,0,33,28,0,1,32,3,0,63,0,14,67,0,0,0,0,0,0,0,0,0,0,0,0,0,9,0,0,0,0
52,11,Forest ,,3,6/29/2022,7/13/2022,Lizzie Arnold,0,3,1,0,0,1,13,0,0,0,0,0,0,8,0,0,0,0,293,0,14,5,1,128,69,0,0,72,4,0,45,0,9,62,0,0,0,0,0,0,0,0,0,0,0,0,0,36,0,0,4,0
53,12,Salvaged,,3,6/29/2022,7/13/2022,John Gallander ,0,0,0,0,0,0,4,0,0,0,0,0,0,13,0,1,0,0,357,0,56,12,0,118,145,2,1,23,0,0,23,0,3,0,0,0,0,0,0,0,0,0,0,0,0,0,0,57,0,1,0,0
54,13,Forest ,,3,6/29/2022,7/13/2022,John Gallander ,0,1,0,0,0,1,15,0,0,0,0,0,0,8,0,0,0,0,316,0,22,2,0,52,75,0,0,160,5,0,11,0,2,21,0,0,0,0,0,0,0,0,0,0,0,0,0,25,0,0,0,0
55,14,Windthrow,,3,6/29/2022,7/13/2022,John Gallander ,0,0,0,0,0,0,2,0,0,0,0,0,0,6,0,0,0,0,164,0,16,0,0,32,76,0,0,40,0,0,52,0,2,44,0,0,0,0,0,0,0,0,0,0,0,0,0,10,0,0,0,0
56,15,Forest ,,3,6/29/2022,7/13/2022,John Gallander ,0,0,0,0,0,0,5,0,0,0,0,0,0,9,2,0,0,0,397,0,59,12,0,103,97,0,1,119,6,0,53,0,7,31,0,0,0,0,0,0,0,0,0,0,0,0,0,9,0,1,0,0
57,16,Salvaged,,3,6/29/2022,7/13/2022,John Gallander ,0,0,0,0,0,0,9,0,0,0,0,0,2,15,3,0,0,0,408,0,104,28,0,152,88,0,1,35,0,0,38,0,6,0,0,0,0,0,0,0,0,0,0,0,0,0,0,30,0,0,0,0
58,17,Forest ,,3,6/29/2022,7/13/2022,Lizzie Arnold,0,2,0,0,0,0,7,0,0,0,0,0,0,12,0,0,0,0,651,4,36,16,0,343,91,1,2,150,8,0,34,0,1,45,0,0,0,0,0,0,0,0,0,0,0,0,0,23,0,0,0,0
59,18,Windthrow,,3,6/29/2022,7/13/2022,Lizzie Arnold,0,0,1,0,0,1,4,0,0,0,0,0,2,4,0,0,0,0,592,1,58,1,0,249,184,0,3,92,4,0,52,0,3,35,0,1,0,0,0,0,0,0,0,0,0,0,0,19,0,0,0,0
60,19,Forest ,,3,6/29/2022,7/13/2022,John Gallander ,0,1,0,0,0,0,7,0,0,0,0,0,0,13,0,0,0,0,196,0,9,0,0,30,49,0,0,108,0,0,23,0,1,56,0,0,0,0,0,0,0,0,0,0,0,0,0,23,0,0,0,0
61,20,Salvaged,,3,6/29/2022,7/13/2022,John Gallander ,0,1,1,0,0,0,2,0,0,0,0,0,0,3,0,0,0,0,196,0,170,7,0,10,9,0,0,0,0,0,4,0,0,52,0,0,0,0,0,0,0,0,0,0,0,0,0,34,0,0,0,0
62,21,Forest ,,3,6/29/2022,7/13/2022,John Gallander ,0,2,1,0,0,0,15,0,0,0,0,0,0,4,0,0,0,0,733,4,42,4,0,145,399,0,1,138,0,0,47,0,6,65,0,0,0,0,0,0,0,0,0,0,0,0,0,68,0,0,0,0
63,22,Windthrow,,3,6/29/2022,7/13/2022,John Gallander ,0,1,0,0,0,1,5,0,0,0,0,0,0,9,0,0,0,0,362,3,96,14,1,183,31,0,0,43,1,0,37,0,2,48,0,0,0,0,0,0,0,0,0,0,0,0,0,10,0,0,0,0
64,23,Forest,,3,6/29/2022,7/13/2022,Cassian Filbrun,0,0,0,0,0,0,2,0,0,0,0,0,0,6,0,0,0,0,364,0,21,17,0,237,40,0,0,42,1,0,189,3,5,163,0,4,0,0,1,0,6,0,0,0,0,0,0,12,0,1,0,0
41,0,Forest,,4,7/13/2022,7/27/2022,Cassian Filbrun,0,0,0,0,0,0,6,0,0,0,0,0,0,4,1,0,0,0,942,0,266,98,61,41,0,6,1,433,36,0,25,0,4,40,0,0,0,0,0,0,0,0,0,0,0,0,0,15,0,1,0,0
42,1,Salvaged,,4,7/13/2022,7/27/2022,Lizzie Arnold,0,0,0,0,0,1,4,0,0,0,0,0,0,9,0,0,0,0,139,0,6,9,0,103,6,0,0,15,0,0,23,0,2,31,0,0,0,0,0,0,0,0,0,0,0,0,0,7,0,3,2,0
43,2,Windthrow,,4,7/13/2022,7/27/2022,John Gallander ,0,0,0,0,0,0,7,0,0,0,0,0,0,10,0,0,0,0,116,0,14,2,0,41,12,0,1,46,0,0,13,0,7,26,0,0,0,0,0,0,0,0,0,0,0,0,0,17,0,0,0,0
44,3,Forest,Updated ID,4,7/13/2022,7/27/2022,John Gallander ,0,0,0,0,0,0,4,0,0,0,0,0,0,24,0,0,0,0,498,0,198,15,7,84,52,0,22,120,0,0,15,0,0,43,0,0,0,0,0,0,0,0,0,0,0,0,0,7,0,0,0,0
45,4,Forest,,4,7/13/2022,7/27/2022,Cassian Filbrun,0,0,0,0,0,0,6,0,0,0,0,0,1,10,0,1,0,0,221,0,47,10,20,46,32,0,0,66,0,0,24,0,1,33,0,0,0,0,0,0,0,0,0,0,0,0,0,16,0,0,0,0
46,5,Salvaged,Updated ID,4,7/13/2022,7/27/2022,John Gallander ,0,0,0,0,0,1,6,0,0,0,0,0,0,14,0,0,0,0,368,0,135,167,0,0,2,1,1,62,0,0,84,37,5,40,0,0,0,0,0,0,0,0,0,0,0,0,0,10,0,3,0,0
47,6,Windthrow,,4,7/13/2022,7/27/2022,Lizzie Arnold,1,3,0,0,0,0,6,0,0,0,0,0,0,10,6,0,0,0,580,0,26,68,33,119,31,0,3,300,0,0,101,0,5,75,0,0,0,0,0,0,0,0,0,0,0,0,0,24,0,1,7,4
48,7,Forest,,4,7/13/2022,7/27/2022,Cassian Filbrun,0,0,0,0,0,0,1,0,0,0,0,0,0,7,0,0,0,0,213,0,7,35,31,62,76,0,1,0,1,0,21,0,0,63,0,0,0,0,0,0,0,0,0,0,0,0,0,28,0,2,0,0
49,8,Salvaged,,4,7/13/2022,7/27/2022,Cassian Filbrun,0,0,0,0,0,0,25,0,0,0,0,0,3,36,3,0,0,0,431,1,56,279,6,58,0,0,0,27,4,0,46,0,8,38,0,0,0,0,0,0,0,0,0,0,0,0,0,23,0,0,17,0
50,9,Forest,,4,7/13/2022,7/27/2022,Cassian Filbrun,0,1,0,0,0,7,21,0,0,0,0,0,0,24,6,2,0,0,174,1,23,10,6,88,2,0,1,43,0,0,20,0,1,22,0,0,0,0,0,0,0,0,0,0,0,0,0,13,0,0,1,0
51,10,Windthrow,,4,7/13/2022,7/27/2022,Cassian Filbrun,0,0,0,0,0,0,6,0,0,0,0,0,0,12,1,1,0,0,215,0,73,4,17,56,26,0,2,33,4,0,41,0,8,57,0,0,0,0,0,0,0,0,0,0,0,0,0,5,0,1,7,0
52,11,Forest,,4,7/13/2022,7/27/2022,Cassian Filbrun,0,6,0,0,0,0,8,0,0,0,0,0,0,42,1,0,0,0,609,1,210,106,0,112,0,1,0,172,6,1,57,0,0,71,0,0,0,0,0,0,0,0,0,0,0,0,0,14,0,0,9,0
53,12,Salvaged,,4,7/13/2022,7/27/2022,Cassian Filbrun,1,2,0,0,0,0,6,0,0,0,0,0,0,9,1,0,0,0,316,0,20,24,6,227,3,0,1,35,0,0,8,0,2,28,0,0,0,0,0,0,0,0,0,0,0,0,0,6,0,2,0,0
54,13,Forest,,4,7/13/2022,7/27/2022,Cassian Filbrun,0,2,1,0,0,0,14,0,0,0,0,0,16,103,15,0,0,0,440,0,37,55,21,292,14,0,0,21,0,0,15,0,0,29,0,0,0,0,0,0,0,0,0,0,0,0,0,62,0,7,2,0
55,14,Windthrow,,4,7/13/2022,7/27/2022,John Gallander ,0,1,0,0,0,3,0,0,0,0,0,0,0,23,0,0,0,0,246,5,102,43,0,18,2,0,0,72,4,0,60,0,9,42,0,0,0,0,0,0,0,0,0,0,0,0,0,21,0,4,0,0
56,15,Forest,,4,7/13/2022,7/27/2022,John Gallander ,0,0,0,0,0,0,16,0,0,0,0,0,0,6,1,0,0,0,464,1,247,86,5,15,0,2,0,38,68,2,22,0,6,31,0,0,0,0,0,0,0,0,0,0,0,0,0,13,0,10,0,0
57,16,Salvaged,,4,7/13/2022,7/27/2022,John Gallander ,0,1,0,0,0,0,3,0,0,0,0,0,0,8,0,0,0,0,229,0,33,16,42,25,6,0,0,107,0,0,15,0,7,21,0,0,0,0,0,0,0,0,0,0,0,0,0,12,0,1,0,0
58,17,Forest ,,4,7/13/2022,7/27/2022,Cassian Filbrun,0,2,2,0,0,0,1,0,0,0,0,0,0,5,3,0,0,0,126,2,43,5,6,37,0,2,2,17,12,0,16,0,6,6,0,0,0,0,0,0,0,0,0,0,0,0,0,15,0,0,0,0
59,18,Windthrow,,4,7/13/2022,7/27/2022,Cassian Filbrun,0,1,1,0,0,0,4,0,0,0,0,0,1,15,1,0,0,0,499,0,130,101,0,25,3,4,0,236,0,0,68,0,7,58,0,0,0,0,0,0,0,0,0,0,0,0,0,16,0,1,0,0
60,19,Forest ,,4,7/13/2022,7/27/2022,Cassian Filbrun,0,0,0,0,0,0,2,0,0,0,0,0,0,20,0,1,0,0,110,3,42,22,0,4,1,0,0,33,5,0,47,0,2,53,0,0,0,0,0,0,0,0,0,0,0,0,0,25,0,1,3,0
61,20,Salvaged,,4,7/13/2022,7/27/2022,Cassian Filbrun,0,6,0,0,0,0,5,0,0,0,0,0,0,14,1,1,0,0,282,0,0,0,0,196,19,0,0,67,0,0,33,0,5,48,0,0,0,0,0,0,0,0,0,0,0,0,0,13,0,0,0,0
62,21,Forest ,,4,7/13/2022,7/27/2022,John Gallander ,0,0,0,0,0,0,34,0,0,0,0,0,0,10,0,0,0,0,644,1,136,22,8,186,28,0,0,263,0,0,37,0,16,36,0,0,0,0,0,0,0,0,0,0,0,0,0,29,0,5,0,0
63,22,Windthrow,"DRY VIAL, IMPORSIBLE TO ID COLLEMBOLA INSECTS",4,7/13/2022,7/27/2022,John Gallander ,1,1,1,0,0,0,11,0,0,0,0,0,0,6,0,2,0,0,,,,,,,,,,,,,34,0,13,59,0,0,0,0,0,0,0,0,0,0,0,0,0,50,0,5,0,0
64,23,Forest ,"DRY VIAL, IMPORSIBLE TO ID COLLEMBOLA INSECTS",4,7/13/2022,7/27/2022,John Gallander ,0,3,1,0,0,0,5,0,0,0,0,0,0,15,6,1,0,0,,,,,,,,,,,,,22,0,3,94,0,0,0,0,0,0,0,0,0,0,0,0,0,14,0,5,0,0
41,0,Forest,,5,7/27/2022,8/11/2022,John Gallander ,0,3,0,0,0,1,8,0,0,0,0,0,0,9,0,0,0,0,692,0,23,34,2,129,13,0,6,485,0,0,39,0,8,35,0,0,0,0,0,0,0,0,0,0,0,0,0,20,0,0,0,0
42,1,Salvaged,,5,7/27/2022,8/11/2022,Cassian Filbrun,0,1,0,0,0,2,6,0,0,0,0,0,0,37,1,1,0,0,213,0,0,11,0,156,14,0,0,32,0,0,3,0,1,11,0,0,0,0,0,0,0,0,0,0,0,0,0,2,0,3,0,0
43,2,Windthrow,,5,7/27/2022,8/11/2022,Cassian Filbrun,0,1,0,0,0,0,3,0,0,0,0,0,0,17,0,0,0,0,116,0,14,2,0,41,12,0,1,46,0,0,12,0,1,12,0,0,0,0,0,0,0,0,0,0,0,0,0,21,0,7,0,0
44,3,Forest,,5,7/27/2022,8/11/2022,Cassian Filbrun,0,0,0,0,0,1,0,0,0,0,0,0,0,10,0,0,0,0,101,0,21,5,4,46,9,0,0,16,0,0,18,0,1,42,0,0,0,0,0,0,0,0,0,0,0,0,0,5,0,0,0,0
45,4,Forest ,,5,7/27/2022,8/11/2022,John Gallander ,0,0,0,0,0,4,8,0,0,0,10,0,0,12,0,0,0,0,318,0,45,35,0,84,6,2,0,145,0,0, ,0,0,6,0,0,0,0,0,0,0,0,0,0,0,0,0,11,0,0,0,0
46,5,Salvaged,,5,7/27/2022,8/11/2022,Cassian Filbrun,0,0,0,0,0,0,10,0,0,0,0,0,0,21,2,0,0,0,387,0,13,67,11,196,9,0,2,89,0,0,18,0,3,25,0,0,0,0,0,0,0,0,0,0,0,0,0,28,0,2,1,0
47,6,Windthrow,,5,7/27/2022,8/11/2022,Cassian Filbrun,1,2,1,0,0,1,3,0,0,0,0,1,0,24,1,0,0,0,580,0,26,68,33,119,31,0,3,300,0,0,68,0,12,65,0,0,0,0,0,0,0,0,0,0,0,0,0,25,0,0,7,1
48,7,Forest,,5,7/27/2022,8/11/2022,Cassian Filbrun,1,0,0,0,0,0,0,0,0,0,0,0,0,9,0,0,0,0,116,0,19,7,1,95,9,0,4,31,0,0,7,0,4,17,0,0,0,0,0,0,0,0,0,0,0,0,0,12,0,0,2,0
49,8,Salvaged,,5,7/27/2022,8/11/2022,Cassian Filbrun,0,1,0,0,0,5,19,0,0,0,0,0,7,19,0,0,0,0,516,0,18,161,1,259,1,0,0,76,0,0,21,0,15,9,0,0,0,0,0,0,0,0,0,0,0,0,0,22,0,1,20,0
50,9,Forest ,,5,7/27/2022,8/11/2022,John Gallander ,0,0,0,0,0,1,5,0,0,0,0,0,0,7,1,0,0,0,202,0,19,29,0,27,13,0,7,107,0,0,16,0,0,8,0,0,0,0,0,0,0,0,0,0,0,0,0,9,0,1,0,0
51,10,Windthrow,Lost Sample,5,7/27/2022,8/11/2022,Carolyn Velazquez,,,,,,,,,,,,,,,,,,,,,,,,,,,,,,,,,,,,,,,,,,,,,,,,,,,,
52,11,Forest,,5,7/27/2022,8/11/2022,Cassian Filbrun,0,2,0,0,0,0,6,0,0,0,0,0,0,13,0,0,0,0,345,0,26,23,4,120,24,0,0,147,0,0,23,0,16,70,0,0,0,0,0,0,0,0,0,0,0,0,0,7,0,0,0,0
53,12,Salvaged,,5,7/27/2022,8/15/2022,Cassian Filbrun,2,2,0,0,0,0,6,0,0,0,0,0,0,28,3,0,0,0,205,0,7,3,3,123,2,0,1,48,0,0,25,0,9,55,0,0,0,0,0,0,0,0,0,0,0,0,0,25,0,1,1,0
54,13,Forest,,5,7/27/2022,8/11/2022,Cassian Filbrun,0,4,1,0,0,0,3,0,0,1,0,0,0,7,0,0,0,0,176,0,14,8,0,23,0,0,6,125,0,0,22,0,5,41,0,0,0,0,0,0,0,0,0,0,0,0,0,13,0,0,0,0
55,14,Windthrow,,5,7/27/2022,8/11/2022,Cassian Filbrun,0,0,0,0,0,1,4,0,0,0,0,0,1,44,1,0,0,0,334,0,4,7,0,110,2,0,6,205,0,0,12,0,2,30,0,0,0,0,0,0,0,0,0,0,0,0,0,17,0,0,0,0
56,15,Forest,,5,7/27/2022,8/11/2022,Cassian Filbrun,0,0,0,0,0,0,0,0,3,0,0,0,0,7,0,0,0,0,82,0,10,4,0,41,2,0,3,22,0,0,0,0,0,14,0,1,0,0,0,0,0,0,0,0,0,0,0,14,0,0,6,0
57,16,Salvaged,,5,7/27/2022,8/11/2022,Cassian Filbrun,0,1,0,0,0,0,5,0,0,0,0,0,0,27,2,0,0,0,306,0,21,45,0,155,7,0,1,77,0,0,25,0,12,91,0,0,0,0,0,0,0,0,0,0,0,0,0,52,0,10,1,0
58,17,Forest,,5,7/27/2022,8/11/2022,Cassian Filbrun,0,0,0,0,0,1,4,0,0,0,0,0,0,3,0,0,0,0,49,0,3,0,0,46,0,0,0,0,0,0,85,0,5,18,0,0,0,0,0,0,0,0,0,0,0,0,0,13,0,0,0,0
59,18,Windthrow,,5,7/27/2022,8/11/2022,Cassian Filbrun,1,2,1,0,0,0,5,0,0,0,0,0,0,10,0,0,0,0,786,0,23,12,0,193,5,0,3,550,0,0,21,0,0,50,0,0,0,0,0,0,0,0,0,0,0,0,0,19,0,1,1,0
60,19,Forest,,5,7/27/2022,8/11/2022,Cassian Filbrun,0,2,0,0,0,0,1,0,0,3,0,0,0,7,1,0,0,0,254,0,19,21,0,55,2,0,12,145,0,0,12,0,0,30,0,0,0,0,0,0,0,0,0,0,0,0,0,9,0,5,2,0
61,20,Salvaged,,5,7/27/2022,8/11/2022,Cassian Filbrun,0,0,0,0,0,0,3,0,0,0,0,0,0,15,0,0,0,0,180,0,53,4,0,47,14,0,0,62,0,0,20,0,0,39,0,0,0,0,0,0,0,0,0,0,0,0,0,8,0,0,0,0
62,21,Forest,,5,7/27/2022,8/11/2022,Cassian Filbrun,0,1,0,0,0,0,0,0,0,0,0,0,0,2,0,1,0,0,231,0,42,10,0,42,6,0,1,130,0,0,24,0,0,16,0,0,0,0,0,0,0,0,0,0,0,0,0,9,0,0,0,0
63,22,Windthrow,,5,7/27/2022,8/11/2022,Cassian Filbrun,0,3,1,0,0,1,1,0,0,3,0,0,0,4,0,0,0,0,294,0,7,3,0,203,3,0,1,77,0,0,19,0,0,21,0,0,0,0,0,0,0,0,0,0,0,0,0,22,0,12,0,0
64,23,Forest,,5,7/27/2022,8/11/2022,Cassian Filbrun,0,2,0,0,0,0,3,0,0,0,0,0,0,4,2,0,0,0,348,0,8,7,0,232,2,0,0,72,0,0,9,0,0,45,0,0,0,0,0,0,0,0,0,0,0,0,0,4,0,4,1,0
41,0,Forest,,6,8/11/2022,8/23/2022,Cesia Cerrato,7,0,0,0,0,1,6,0,0,0,0,0,0,10,0,0,0,0,893,2,237,79,0,129,121,0,3,317,3,2,37,0,2,0,0,0,0,0,0,0,0,0,0,0,0,0,0,27,0,0,0,0
42,1,Salvaged,,6,8/11/2022,8/23/2022,Cesia Cerrato,13,0,0,0,0,2,1,0,0,0,0,0,0,8,0,0,0,0,419,0,28,143,0,126,95,0,1,9,4,0,9,0,1,0,0,0,0,0,0,0,0,0,0,0,0,0,0,5,0,0,3,0
43,2,Windthrow,,6,8/11/2022,8/23/2022,Cassian Filbrun,0,0,0,0,0,0,5,0,0,0,0,0,0,13,0,0,0,0,186,0,38,7,0,89,5,0,0,47,0,0,6,0,1,25,0,0,0,0,0,0,0,0,0,0,0,0,0,30,0,10,0,0
44,3,Forest,,6,8/11/2022,8/23/2022,Cassian Filbrun,0,0,1,0,0,0,2,0,0,0,0,0,0,6,0,0,0,0,191,0,99,16,0,47,16,0,1,14,0,0,8,0,3,17,0,0,0,0,0,0,0,0,0,0,0,0,0,1,0,0,0,0
45,4,Forest,,6,8/11/2022,8/23/2022,Cesia Cerrato,2,0,0,0,0,0,5,0,0,0,0,0,0,9,0,0,0,0,211,0,8,31,0,38,71,1,1,59,2,0,27,0,2,0,0,0,0,0,0,0,0,0,0,0,0,0,0,6,0,0,2,0
46,5,Salvaged,,6,8/11/2022,8/23/2022,Cassian Filbrun,0,0,1,0,0,1,6,0,0,0,0,0,0,21,2,0,0,0,291,0,60,61,0,141,4,0,1,24,0,0,8,0,4,19,0,0,0,0,0,0,0,0,0,0,0,0,0,14,0,0,1,0
47,6,Windthrow,,6,8/11/2022,8/23/2022,Cassian Filbrun,0,2,0,0,0,0,6,0,0,0,0,0,0,0,3,0,0,0,1456,0,1029,182,0,98,29,0,5,118,0,0,21,0,10,29,0,0,0,0,0,0,0,0,0,0,0,0,0,6,0,1,2,0
48,7,Forest,,6,8/11/2022,8/23/2022,Cassian Filbrun,0,0,0,0,0,1,7,0,0,0,0,0,0,6,0,0,0,0,281,0,55,41,0,155,11,0,0,19,0,0,17,0,6,23,0,0,0,0,0,0,0,0,0,0,0,0,0,17,0,4,1,0
49,8,Salvaged,,6,8/11/2022,8/23/2022,Cesia Cerrato,9,0,0,0,0,2,16,0,0,0,0,0,15,33,0,0,0,0,512,0,145,147,0,113,23,0,0,84,0,0,49,0,11,0,0,0,0,0,0,0,0,0,0,0,0,0,0,12,0,0,20,0
50,9,Forest,,6,8/11/2022,8/23/2022,Cassian Filbrun,0,1,0,0,0,1,18,0,0,0,0,0,0,7,0,0,0,0,480,1,36,84,0,80,172,0,0,107,0,0,10,0,2,12,0,0,0,0,0,0,0,0,0,0,0,0,0,4,0,2,3,0
51,10,Windthrow,,6,8/11/2022,8/23/2022,Cassian Filbrun,1,0,0,0,0,0,1,0,0,0,0,0,0,7,0,0,0,0,288,0,72,37,0,104,13,0,1,61,0,0,44,0,4,37,0,0,0,0,0,0,0,0,0,0,0,0,0,2,0,1,7,0
52,11,Forest,,6,8/11/2022,8/23/2022,Diane Hartzler,1,0,0,1,0,0,4,0,0,0,0,0,0,17,3,0,0,0,653,0,279,10,0,124,136,0,2,102,0,0,0,4,7,70,29,2,0,3,0,3,1,0,48,13,0,0,0,3,0,0,2,0
53,12,Salvaged,,6,8/11/2022,8/23/2022,Diane Haetzler,5,0,0,0,0,0,2,0,0,0,0,0,0,16,0,0,0,0,400,0,59,14,0,112,165,0,4,46,0,0,105,0,4,9,9,0,0,1,0,0,0,0,2,3,0,0,0,4,0,1,0,0
54,13,Forest,,6,8/11/2022,8/23/2022,Cesia Cerrato,8,0,0,0,0,0,6,0,0,0,0,0,1,8,0,0,0,0,153,0,30,1,0,32,51,0,2,35,2,0,14,0,0,0,0,0,0,0,0,0,0,0,0,0,0,0,0,19,0,0,1,0
55,14,Windthrow,,6,8/11/2022,8/22/2022,Cesia Cerrato,4,0,0,0,0,4,1,0,0,0,0,0,0,6,0,0,0,0,343,0,95,12,0,47,131,0,6,52,0,0,48,0,2,0,0,0,0,0,0,0,0,0,0,0,0,0,0,13,0,0,0,0
56,15,Forest,,6,8/11/2022,8/23/2022,Diane Hartzler,0,0,0,1,0,0,6,0,0,0,0,0,0,7,1,0,0,0,563,3,243,7,0,31,252,0,5,157,7,0,1,1,0,31,0,0,0,3,0,2,2,0,9,1,0,0,0,7,0,0,2,0
57,16,Salvaged,,6,8/11/2022,8/23/2022,Cesia Cerrato,13,0,0,0,0,1,6,0,0,0,0,0,1,17,0,0,0,0,209,0,50,26,0,91,35,0,0,7,0,0,58,0,1,0,0,0,0,0,0,0,0,0,0,0,0,0,0,12,0,0,3,0
58,17,Forest,,6,8/11/2022,8/23/2022,Cesia Cerrato,0,0,0,0,0,1,5,0,0,0,0,0,0,16,0,0,0,0,497,0,158,1,0,96,177,0,2,60,3,0,52,0,3,0,0,0,0,0,0,0,0,0,0,0,0,0,0,21,0,0,2,0
59,18,Windthrow,,6,8/11/2022,8/23/2022,Cesia Cerrato,5,0,0,0,0,0,3,0,0,0,0,0,2,12,0,0,0,0,229,0,21,6,0,76,62,0,2,60,2,0,41,0,3,0,0,0,0,0,0,0,0,0,0,0,0,0,0,11,0,1,0,0
60,19,Forest,,6,8/11/2022,8/23/2022,Lizzie Arnold,0,2,0,0,0,0,5,0,0,0,0,0,1,6,0,0,0,0,191,0,55,30,0,50,16,0,0,40,0,0,12,0,3,25,0,0,0,0,0,0,0,0,0,0,0,0,0,8,0,1,0,0
61,20,Salvaged,,6,8/11/2022,8/23/2022,Cassian Filbrun,0,0,0,0,0,0,2,0,0,0,0,0,0,13,1,0,0,0,258,0,169,4,0,48,7,0,0,30,0,0,9,0,8,12,0,0,0,0,0,0,0,0,0,0,0,0,0,3,0,3,0,0
62,21,Forest,,6,8/11/2022,8/23/2022,Cassian Filbrun,1,0,0,0,0,1,3,0,0,0,0,0,0,7,0,0,0,0,386,0,90,2,0,37,180,0,0,74,3,0,19,0,8,14,0,0,0,0,0,0,0,0,0,0,0,0,0,5,0,0,0,0
63,22,Windthrow,,6,8/11/2022,8/23/2022,Cassian Filbrun,1,0,9,0,0,1,8,0,0,0,0,0,1,8,6,0,0,0,468,0,126,63,0,174,17,0,1,88,0,0,10,0,5,30,0,0,0,0,0,0,0,0,0,0,0,0,0,19,0,8,0,0
64,23,Forest,LOST COLLEMBOLA SAMPLE,6,8/11/2022,8/23/2022,Diane Hartzler,0,2,2,0,0,0,1,0,0,0,1,0,0,4,2,0,0,0,301,,,,,,,,,,,,1,0,9,116,5,0,0,0,0,0,1,0,0,4,0,0,0,4,0,0,0,0
41,0,Forest,,7,8/23/2022,9/6/2022,Cassian Filbrun,0,0,0,0,0,0,14,0,0,0,0,0,0,11,2,0,0,0,338,1,64,38,2,109,0,20,0,104,0,0,8,0,2,26,0,0,0,0,0,0,0,0,0,0,0,0,0,21,0,1,1,0
42,1,Salvaged,,7,8/23/2022,9/6/2022,Lizzie Arnold,0,0,0,0,0,0,10,0,0,0,0,0,0,14,0,0,0,0,495,0,80,287,0,107,9,0,0,12,0,0,10,0,0,25,0,0,0,0,0,0,0,0,0,0,0,0,0,5,0,1,0,0
43,2,Windthrow,,7,8/23/2022,9/6/2022,Lizzie Arnold,0,1,0,0,0,1,13,0,0,0,0,0,0,4,0,0,0,0,223,0,38,7,0,67,23,0,1,87,0,0,13,0,4,17,0,0,0,0,0,0,0,0,0,0,0,0,0,14,0,4,0,0
44,3,Forest ,,7,8/23/2022,9/6/2022,John Gallander ,0,1,0,0,0,2,5,0,0,0,0,0,0,8,0,0,0,0,305,0,182,20,0,27,23,0,4,49,0,0,4,0,2,19,0,0,0,0,0,0,0,0,0,0,0,0,0,3,0,1,0,0
45,4,Forest,,7,8/23/2022,9/6/2022,Cassian Filbrun,0,1,0,0,0,0,9,0,0,0,0,0,0,2,0,0,0,0,136,0,73,8,0,19,6,0,0,30,0,0,15,0,2,21,0,0,0,0,0,0,0,0,0,0,0,0,0,5,0,2,0,0
46,5,Salvaged,,7,8/23/2022,9/6/2022,Cassian Filbrun,0,0,0,0,0,0,13,0,0,0,0,0,0,21,4,1,0,0,362,0,130,45,0,153,6,0,0,28,0,0,20,0,19,28,0,0,0,0,0,0,0,0,0,0,0,0,0,3,0,0,2,0
47,6,Windthrow,,7,8/23/2022,9/6/2022,Cassian Filbrun,0,1,0,0,0,0,1,0,0,0,0,0,2,1,2,0,0,0,1044,0,655,172,0,103,52,0,2,60,0,0,14,0,4,24,0,0,0,0,0,0,0,0,0,0,0,0,0,11,0,2,2,0
48,7,Forest ,,7,8/23/2022,9/6/2022,John Gallander ,0,0,0,0,0,0,17,0,0,0,0,0,0,1,0,0,0,0,750,0,536,6,0,99,28,0,1,79,0,0,29,0,8,43,0,0,0,0,0,0,0,0,0,0,0,0,0,48,0,3,0,0
49,8,Salvaged,,7,8/23/2022,9/6/2022,Cassian Filbrun,0,0,0,0,0,1,5,0,0,0,0,0,6,29,0,0,0,0,174,0,43,49,0,60,1,0,0,21,0,0,9,0,4,10,0,0,0,0,0,0,0,0,0,0,0,0,0,5,0,0,9,0
50,9,Forest,,7,8/23/2022,9/6/2022,Cassian Filbrun,0,0,0,0,0,0,16,0,0,0,0,0,0,7,2,0,0,0,238,0,86,6,0,53,5,1,0,87,0,0,9,0,1,6,0,0,0,0,0,0,0,0,0,0,0,0,0,18,0,1,0,0
51,10,Windthrow,,7,8/23/2022,9/6/2022,Cassian Filbrun,0,0,0,0,0,0,10,0,0,0,0,0,0,5,1,0,0,0,84,0,22,1,0,38,3,0,0,20,0,0,6,0,5,14,0,0,0,0,0,0,0,0,0,0,0,0,0,3,0,0,7,0
52,11,Forest ,LOST COLLEMBOLA SAMPLE,7,8/23/2022,9/6/2022,John Gallander ,0,1,0,0,0,0,17,0,0,0,0,0,0,0,8,0,0,0,564,,,,,,,,,,,,63,0,18,87,0,0,0,0,0,0,0,0,0,0,0,0,0,7,0,2,16,0
53,12,Salvaged,,7,8/23/2022,9/6/2022,John Gallander,0,3,0,0,0,0,19,0,0,0,0,0,0,10,5,0,0,0,416,0,138,4,0,130,7,0,2,135,0,0,67,0,5,224,0,0,0,0,0,0,0,0,0,0,0,0,0,10,0,1,0,0
54,13,Forest ,,7,8/23/2022,9/6/2022,Lizzie Arnold,0,1,0,0,0,0,15,0,0,0,0,0,2,8,0,0,0,0,168,0,23,2,0,49,6,1,2,85,0,0,10,0,0,22,0,0,0,0,0,0,0,0,0,0,0,0,0,20,0,0,0,0
55,14,Windthrow,,7,8/23/2022,9/6/2022,John Gallander ,0,0,0,0,0,1,3,0,0,0,0,0,0,4,0,0,0,0,280,0,160,6,0,31,8,0,2,73,0,0,5,0,0,26,0,0,0,0,0,0,0,0,0,0,0,0,0,5,0,0,0,0
56,15,Forest,,7,8/23/2022,9/6/2022,John Gallander,0,0,0,0,0,1,9,0,0,0,0,0,0,6,1,0,0,0,246,0,178,0,0,36,14,0,0,18,0,0,9,0,6,20,0,0,0,0,0,0,0,0,0,0,0,0,0,2,0,1,0,0
57,16,Salvaged,,7,8/23/2022,9/6/2022,John Gallander,0,0,0,0,0,0,12,0,0,0,0,0,4,15,10,0,0,0,262,0,152,0,0,68,4,0,1,37,0,0,21,0,2,62,0,0,0,0,0,0,0,0,0,0,0,0,0,6,0,3,2,0
58,17,Forest,,7,8/23/2022,9/6/2022,John Gallander,0,0,0,0,0,1,5,13,0,0,0,0,0,8,0,0,0,0,266,0,99,0,0,77,14,0,1,75,0,0,27,0,2,57,0,0,0,0,0,0,0,0,0,0,0,0,0,10,0,0,1,0
59,18,Windthrow,,7,8/23/2022,9/6/2022,John Gallander ,0,2,0,0,0,1,7,0,0,0,0,0,0,2,0,0,0,0,224,0,142,0,1,0,0,0,0,81,0,0,32,0,4,27,0,0,0,0,0,0,0,0,0,0,0,0,0,4,0,1,0,0
60,19,Forest,,7,8/23/2022,9/6/2022,John Gallander,0,1,0,0,0,1,9,0,0,0,0,0,0,4,0,0,0,0,150,0,101,0,0,12,8,0,0,29,0,0,13,0,2,11,0,0,0,0,0,0,0,0,0,0,0,0,0,5,0,1,0,0
61,20,Salvaged,,7,8/23/2022,9/6/2022,Cassian Filbrun,0,2,0,0,0,0,3,0,0,0,0,0,0,9,0,0,0,0,488,0,316,0,0,69,57,0,0,46,0,0,6,0,2,18,0,0,0,0,0,0,0,0,0,0,0,0,0,3,0,2,1,0
62,21,Forest ,,7,8/23/2022,9/6/2022,Lizzie Arnold,1,1,0,0,0,0,3,0,0,0,0,0,0,2,0,0,0,0,111,0,23,0,0,72,8,0,0,8,0,0,22,0,0,33,0,0,0,0,0,0,0,0,0,0,0,0,0,8,0,0,0,0
63,22,Windthrow,,7,8/23/2022,9/6/2022,John Gallander ,0,5,0,0,0,0,13,0,0,0,0,0,1,9,2,2,0,0,320,0,89,0,0,139,9,1,1,81,0,0,16,0,9,56,0,0,0,0,0,0,0,0,0,0,0,0,0,12,0,0,0,1
64,23,Forest ,,7,8/23/2022,9/6/2022,John Gallander ,0,0,0,0,0,0,12,0,0,0,0,0,0,4,1,0,0,0,301,0,17,1,0,263,1,0,0,19,0,0,26,0,15,38,0,0,0,0,0,0,0,0,0,0,0,0,0,2,0,2,0,0
41,0,Forest,,8,9/6/2022,9/20/2022,Cassian Filbrun,0,1,0,0,0,0,0,0,0,0,0,8,0,4,0,1,0,0,657,1,224,70,1,108,133,0,2,104,14,0,3,0,2,11,0,0,0,0,0,0,0,0,0,0,0,0,0,8,0,0,0,0
42,1,Salvaged,,8,9/6/2022,9/20/2022,Lizzie Arnold,0,0,0,0,0,0,11,0,0,0,0,0,0,3,0,0,0,0,443,0,127,78,1,181,33,2,0,21,0,0,17,0,5,18,0,0,0,0,0,0,0,0,0,0,0,0,0,3,0,5,2,0
43,2,Windthrow,,8,9/6/2022,9/20/2022,Cassian Filbrun,0,0,0,0,0,1,0,0,0,0,0,9,0,5,0,0,0,0,226,0,16,17,0,52,26,3,1,108,2,1,3,0,1,32,0,0,0,0,0,0,0,0,0,0,0,0,0,10,0,3,0,0
44,3,Forest,,8,9/6/2022,9/20/2022,Cassian Filbrun,0,0,0,0,0,0,0,0,0,0,0,12,0,3,0,0,0,0,132,0,6,4,0,55,24,7,0,36,0,0,9,0,5,0,0,0,0,0,0,0,0,0,0,0,0,0,0,0,0,1,0,0
45,4,Forest,LOST COLLEMBOLA SAMPLE,8,9/6/2022,9/20/2022,Cassian Filbrun,0,0,0,0,0,0,0,0,0,0,0,7,0,4,0,0,0,0,227,,,,,,,,,,,,12,0,3,15,0,0,0,0,0,0,0,0,0,0,0,0,0,4,0,0,0,0
46,5,Salvaged,,8,9/6/2022,9/20/2022,John Gallander,0,2,0,0,0,0,4,0,0,0,0,0,0,12,0,1,0,0,228,0,12,42,0,153,2,0,0,19,0,0,15,0,7,5,0,0,0,0,0,0,0,0,0,0,0,0,0,7,0,0,1,0
47,6,Windthrow,,8,9/6/2022,9/20/2022,Cassian Filbrun,0,0,0,0,0,0,0,0,0,0,0,6,2,5,1,0,0,0,574,0,97,116,0,145,138,5,3,68,2,0,5,0,4,8,0,0,0,0,0,0,0,0,0,0,0,0,0,8,0,3,0,0
48,7,Forest,,8,9/6/2022,9/20/2022,Cassian Filbrun,0,0,0,0,0,1,10,0,0,0,0,0,0,4,0,0,0,0,201,2,3,12,0,114,20,0,0,47,3,0,5,0,4,16,0,0,0,0,0,0,0,0,0,0,0,0,0,12,0,0,0,0
49,8,Salvaged,,8,9/6/2022,9/20/2022,Haley Marcum,0,0,0,0,0,1,5,0,0,0,0,0,6,16,0,0,0,0,175,0,41,37,0,47,3,0,0,24,0,1,26,0,11,2,0,0,0,0,0,0,0,0,0,0,0,0,0,7,0,0,4,0
50,9,Forest,LOST COLLEMBOLA SAMPLE,8,9/6/2022,9/20/2022,Cassian Filbrun,2,3,0,0,0,0,0,0,0,0,0,3,1,5,0,0,0,0,207,,,,,,,,,,,,7,0,1,6,0,0,0,0,0,0,0,0,0,0,0,0,0,4,0,0,0,0
51,10,Windthrow,,8,9/6/2022,9/20/2022,Cassian Filbrun,0,0,0,0,0,0,5,0,0,0,0,0,0,7,1,0,0,0,137,0,19,16,0,64,11,0,0,24,3,0,4,0,4,12,0,0,0,0,0,0,0,0,0,0,0,0,0,3,0,0,1,0
52,11,Forest,,8,9/6/2022,9/20/2022,Cassian Filbrun,0,1,0,0,0,1,0,0,0,0,0,27,0,3,0,0,0,0,258,0,50,3,0,132,23,0,0,50,0,0,107,0,12,76,0,0,0,0,0,0,0,0,0,0,0,0,0,1,0,0,0,0
53,12,Salvaged,,8,9/6/2022,9/20/2022,Cassian Filbrun,0,0,0,0,0,0,0,0,0,0,0,20,0,16,6,0,0,0,720,0,59,10,0,293,64,3,3,285,3,0,26,0,13,279,0,0,0,0,0,0,0,0,0,0,0,0,0,3,0,2,1,0
54,13,Forest,,8,9/6/2022,9/20/2022,Cassian Filbrun,0,3,0,0,0,0,0,0,0,0,0,18,0,8,0,0,0,0,324,0,40,3,7,63,71,0,2,134,4,0,10,0,3,20,0,0,0,0,0,0,0,0,0,0,0,0,0,7,0,2,0,0
55,14,Windthrow,,8,9/6/2022,9/20/2022,John Gallander,0,0,0,0,0,0,3,0,0,0,0,0,0,6,0,1,0,0,268,0,19,19,0,108,55,0,0,64,3,0,8,0,6,8,0,0,0,0,0,0,0,0,0,0,0,0,0,5,0,0,0,0
56,15,Forest,,8,9/6/2022,9/20/2022,Cassian Filbrun,1,0,0,0,0,0,0,0,0,0,0,9,0,10,0,0,0,0,261,0,29,9,1,86,103,0,5,0,1,0,10,0,9,7,0,0,0,0,0,0,0,0,0,0,0,0,0,0,0,0,0,0
57,16,Salvaged,,8,9/6/2022,9/20/2022,Cassian Filbrun,0,0,0,0,0,0,13,0,0,0,0,0,2,14,5,1,0,0,406,0,26,30,0,222,42,0,3,79,4,0,11,0,4,19,0,0,0,0,0,0,0,0,0,0,0,0,0,7,0,6,1,0
58,17,Forest,,8,9/6/2022,9/20/2022,Cassian Filbrun,0,0,0,0,0,2,0,0,0,0,0,9,0,7,0,1,0,0,273,0,74,0,0,98,20,0,0,80,1,0,47,0,4,76,0,0,0,0,0,0,0,0,0,0,0,0,0,9,0,0,0,0
59,18,Windthrow,,8,9/6/2022,9/20/2022,Cassian Filbrun,1,0,0,0,0,0,0,0,0,0,0,6,1,11,0,0,0,0,314,0,5,1,0,131,20,0,0,157,0,0,9,0,4,13,0,0,0,0,0,0,0,0,0,0,0,0,0,6,0,2,0,0
60,19,Forest,,8,9/6/2022,9/20/2022,Lizzie Arnold,0,0,0,0,0,0,9,0,0,0,0,0,1,5,0,0,0,0,363,1,51,9,0,101,110,0,1,83,7,0,35,0,4,27,0,0,0,0,0,0,0,0,0,0,0,0,0,6,0,0,0,0
61,20,Salvaged,,8,9/6/2022,9/20/2022,Cassian Filbrun,0,1,0,0,0,0,9,0,0,0,0,0,0,9,0,0,0,0,584,0,112,6,1,147,194,1,1,120,2,0,17,0,12,33,0,0,0,0,0,0,0,0,0,0,0,0,0,10,0,3,0,0
62,21,Forest,,8,9/6/2022,9/20/2022,John Gallander,0,1,0,0,0,0,9,0,0,0,0,0,0,7,1,0,0,0,501,2,83,13,1,197,74,0,1,126,4,0,60,0,11,95,0,0,0,0,0,0,0,0,0,0,0,0,0,9,0,3,0,0
63,22,Windthrow,,8,9/6/2022,9/20/2022,Cassian Filbrun,0,2,0,0,0,0,0,0,0,0,0,15,1,7,0,0,0,0,255,0,26,3,0,132,19,1,0,74,0,0,18,0,5,27,0,0,0,0,0,0,0,0,0,0,0,0,0,12,0,0,0,0
64,23,Forest,,8,9/6/2022,9/20/2022,Lizzie Arnold,1,0,0,0,0,0,5,0,0,0,0,0,0,11,1,0,0,0,374,0,4,3,0,271,15,0,0,81,0,0,9,0,4,16,0,0,0,0,0,0,0,0,0,0,0,0,0,5,0,0,0,0
