"Quadrat","Treatment","Transect","Interval","DateSet","DateColl","TrapTime","Year","Oligochaeta","Snails","Slugs","Geophilomorpha","Lithobiomorpha","Scolopendromorpha","Polydesmida","Callipodida","Chordeumatida","Julida","Spirobolida","Polyzoniida","Isopoda","Araneae","Opiliones","Pseudoscorpiones","Onychiuridae","Isotomidae","Entomobryidae","Tomoceridae","Symphypleona","Hypogastruridae","Neanuridae","Nitidulidae","Carabidae","Staphylinidae","Silphidae","Scarabaeidae","Trogidae","Geotrupidae","Elateridae","Curculionidae","Scolytinae","Histeridae","Ptiliidae","Phalacridae","Tenebrionidae","Meloidae","Lampyridae","Formicidae","Forficulidae","Rhaphidophoridae","Gryllidae","Blattidae","Glob_Springt","Odontellidae","Abundance","Richness","Diversity"
42,"Salvaged","A",1,2015-05-27,2015-06-09,13,"2015",0,1,0,0,0,0,8,0,0,1,2,0,0,36,1,0,0,165,10,4,29,48,9,0,1,5,0,0,1,0,0,0,182,0,0,0,0,0,0,35,0,2,0,0,29,0,569,19,1.72464142412431
43,"Windthrow","A",1,2015-05-27,2015-06-09,13,"2015",0,0,0,0,0,0,0,0,0,0,0,0,0,5,1,1,0,14,4,13,4,24,11,1,0,1,0,0,0,0,0,0,77,0,0,1,0,0,0,16,0,0,0,0,4,0,177,15,1.75562672857433
44,"Forest","A",1,2015-05-27,2015-06-09,13,"2015",0,0,0,0,0,0,1,0,0,0,0,0,0,16,1,0,0,3,6,4,4,17,9,7,3,3,0,0,0,0,0,0,2,20,0,0,0,0,0,17,0,0,0,0,4,0,117,16,2.02467141786483
45,"Forest","B",1,2015-05-27,2015-06-10,14,"2015",0,0,0,0,0,1,2,0,0,0,0,0,0,10,2,3,0,2,10,19,9,19,2,15,0,9,0,0,0,0,1,2,22,0,0,0,0,0,0,24,0,0,0,0,9,0,161,18,2.05682053334173
46,"Salvaged","B",1,2015-05-27,2015-06-10,14,"2015",1,1,0,0,0,0,1,0,0,1,0,0,0,65,1,0,0,0,0,0,0,0,0,9,2,9,0,0,0,0,1,0,68,0,0,0,0,0,0,33,0,0,0,0,0,0,192,12,1.55252336781118
47,"Windthrow","B",1,2015-05-27,2015-06-10,14,"2015",0,1,0,0,2,0,1,0,0,0,0,0,2,42,0,7,0,0,0,0,0,0,0,2,1,26,0,0,0,0,0,0,101,0,1,0,0,0,0,0,0,0,0,0,0,0,186,11,1.44681882835659
48,"Forest","B",1,2015-05-27,2015-06-10,14,"2015",0,2,0,0,0,0,2,0,0,1,3,0,0,6,2,3,0,18,38,15,14,105,18,3,1,2,0,0,0,0,0,2,33,0,0,0,0,0,0,18,0,1,0,0,14,0,301,21,1.90450158518027
49,"Salvaged","C",1,2015-05-27,2015-06-09,13,"2015",0,0,0,0,0,0,0,0,0,1,0,0,0,19,0,0,1,20,3,25,10,2,1,5,7,8,0,0,0,0,0,0,39,0,1,0,0,0,0,6,0,0,3,0,10,0,161,17,1.96592684715971
50,"Forest","C",1,2015-05-27,2015-06-09,13,"2015",1,0,0,1,1,0,16,0,2,4,4,0,3,23,4,2,1,5,70,78,48,18,4,7,2,11,0,0,0,0,1,1,42,0,0,0,0,0,0,26,0,0,0,0,48,0,423,26,2.02367916628059
51,"Windthrow","C",1,2015-05-27,2015-06-09,13,"2015",0,1,0,0,0,0,5,0,0,0,0,0,0,44,1,1,0,1,24,28,30,7,0,9,2,12,0,0,0,0,0,0,15,0,0,0,0,0,0,17,0,0,0,0,30,0,227,16,1.94547649394846
52,"Forest","C",1,2015-05-27,2015-06-09,13,"2015",0,0,0,0,0,0,8,0,2,0,0,0,0,12,2,1,0,3,14,16,18,15,7,12,7,6,0,0,0,0,0,1,26,0,0,0,0,0,0,9,0,1,0,0,18,0,178,19,2.11598010962182
53,"Salvaged","D",1,2015-05-27,2015-06-09,13,"2015",0,0,0,0,0,3,29,0,0,0,4,0,0,56,0,1,1,5,0,67,13,7,4,12,20,16,2,1,0,0,2,0,86,0,0,0,0,0,0,63,0,0,0,0,13,0,405,20,1.92627279556076
54,"Forest","D",1,2015-05-27,2015-06-09,13,"2015",2,0,0,0,0,0,1,0,0,0,0,0,0,5,0,0,2,3,3,10,34,9,7,53,0,11,0,0,0,0,0,0,18,0,0,1,0,0,0,21,0,0,0,0,34,0,214,16,1.90872888701882
55,"Windthrow","D",1,2015-05-28,2015-06-09,12,"2015",0,0,0,0,0,0,1,0,0,0,0,0,1,11,0,0,2,8,4,15,27,3,29,1,5,6,0,0,0,0,0,4,33,0,2,0,0,0,0,54,0,0,0,0,27,0,233,18,1.95042174678865
56,"Forest","D",1,2015-05-28,2015-06-09,12,"2015",0,0,0,0,0,1,0,0,0,0,0,0,0,12,0,0,0,7,11,11,14,9,14,5,0,0,0,0,0,0,0,0,39,0,0,0,0,0,0,15,1,1,0,0,14,0,154,14,1.9515896634129
57,"Salvaged","E",1,2015-05-28,2015-06-09,12,"2015",0,0,1,0,0,0,29,0,0,1,2,0,0,30,2,1,0,5,0,14,1,2,1,1,12,3,0,0,0,0,0,0,77,0,0,0,0,0,0,28,0,0,0,0,1,0,211,18,1.78905064960254
58,"Forest","E",1,2015-05-28,2015-06-09,12,"2015",0,1,0,0,0,0,0,0,0,0,0,0,0,16,1,4,0,3,12,25,9,11,6,1,0,15,0,0,0,0,0,0,35,0,0,0,0,0,0,11,0,0,0,0,9,0,159,15,1.96975822321564
59,"Windthrow","E",1,2015-05-28,2015-06-09,12,"2015",0,1,0,0,0,0,10,0,0,0,0,0,0,11,1,1,1,6,14,28,23,4,15,26,5,12,0,0,0,0,1,0,29,0,0,0,0,0,0,41,0,0,0,0,23,0,252,19,2.04802212783342
60,"Forest","E",1,2015-05-28,2015-06-09,12,"2015",0,2,0,0,0,0,4,0,0,0,0,0,0,12,0,0,1,22,23,20,47,33,49,5,2,10,0,0,0,0,0,0,28,0,0,0,0,0,0,18,0,0,0,0,47,0,323,16,1.9739468407588
61,"Salvaged","F",1,2015-05-27,2015-06-09,13,"2015",0,0,1,0,1,0,11,0,0,0,0,0,1,39,1,2,0,26,12,38,37,39,80,0,8,7,0,1,0,0,0,3,74,0,1,0,0,0,0,47,0,1,0,0,37,0,467,22,1.99309487680581
62,"Forest","F",1,2015-05-27,2015-06-09,13,"2015",1,1,0,0,0,0,2,0,0,1,0,0,0,15,0,0,6,9,11,11,14,9,28,9,0,17,0,0,0,0,0,0,24,0,0,0,0,0,0,23,0,0,0,0,14,0,195,17,2.06535981490363
63,"Windthrow","F",1,2015-05-27,2015-06-09,13,"2015",0,0,0,1,0,0,2,0,0,3,0,0,1,75,0,2,1,4,23,29,62,12,9,5,4,42,0,0,0,0,0,2,82,0,0,0,0,0,0,17,0,0,0,0,62,0,438,20,1.9185267511454
64,"Forest","F",1,2015-05-27,2015-06-09,13,"2015",0,1,1,0,1,0,9,0,0,0,0,0,0,1,0,6,0,4,11,26,33,5,2,6,2,10,0,0,0,0,0,1,9,0,1,0,0,0,0,35,0,0,0,0,33,0,197,20,1.99822881944768
41,"Forest","A",2,2015-06-09,2015-06-25,16,"2015",1,4,0,0,2,0,0,0,0,0,0,0,0,3,0,0,2,0,19,12,15,17,1,0,0,0,0,0,0,0,0,0,31,0,0,0,0,0,0,4,0,0,0,0,15,0,126,13,1.875965301372
42,"Salvaged","A",2,2015-06-09,2015-06-24,15,"2015",0,0,0,0,0,0,17,0,0,0,0,0,0,17,9,0,0,510,15,38,3,123,13,0,0,2,0,1,0,0,1,0,96,1,0,0,0,0,1,14,0,3,0,0,3,0,867,18,1.47338809574304
43,"Windthrow","A",2,2015-06-09,2015-06-24,15,"2015",0,0,0,0,0,0,5,0,0,1,0,0,0,12,2,0,0,55,10,74,41,116,37,1,1,4,0,0,0,0,1,0,91,0,1,0,0,0,0,15,0,0,1,0,41,0,509,19,1.85669066269054
44,"Forest","A",2,2015-06-09,2015-06-24,15,"2015",0,0,0,0,0,0,1,0,0,1,0,0,0,15,0,0,0,27,18,46,39,94,19,7,7,5,0,0,0,0,1,0,36,0,0,0,0,0,0,15,0,0,0,0,39,0,370,16,1.91402113688479
45,"Forest","B",2,2015-06-10,2015-06-24,14,"2015",0,3,0,0,1,0,2,0,2,1,0,0,2,7,2,0,0,10,5,66,20,29,7,0,13,3,0,0,0,0,0,0,15,0,0,0,0,0,1,14,0,0,0,0,20,0,223,20,1.97878528106617
46,"Salvaged","B",2,2015-06-10,2015-06-24,14,"2015",0,1,1,0,0,0,4,0,0,2,0,0,0,10,2,0,0,26,32,73,35,43,28,3,8,8,0,0,0,0,0,1,12,0,0,0,0,0,0,9,0,0,0,0,35,0,333,19,1.97425751996056
47,"Windthrow","B",2,2015-06-10,2015-06-24,14,"2015",0,3,0,0,2,0,10,0,0,0,0,0,1,6,0,1,0,16,62,92,105,72,13,1,3,3,0,0,0,0,0,1,23,0,1,0,0,0,0,28,0,1,0,0,105,0,549,21,1.86166202394819
48,"Forest","B",2,2015-06-10,2015-06-24,14,"2015",1,9,1,0,0,0,5,0,0,3,0,0,0,3,0,1,0,44,33,29,59,117,16,0,11,0,0,0,0,0,0,0,15,0,0,0,0,0,0,6,0,0,0,0,59,0,412,17,1.85562120824607
49,"Salvaged","C",2,2015-06-09,2015-06-24,15,"2015",0,0,0,0,0,0,0,0,0,1,0,0,2,18,2,0,0,7,0,6,4,6,0,6,13,3,0,0,0,0,0,0,37,0,0,0,0,0,0,2,0,0,1,0,4,0,112,15,1.90957761475006
50,"Forest","C",2,2015-06-09,2015-06-24,15,"2015",0,5,0,0,0,0,21,0,4,0,0,0,5,21,1,1,0,18,11,110,43,64,13,1,12,6,0,0,0,0,0,1,49,0,0,0,0,0,1,30,0,2,0,0,43,0,462,22,1.98409594278356
51,"Windthrow","C",2,2015-06-09,2015-06-24,15,"2015",1,9,0,0,0,0,7,0,2,0,0,0,0,6,3,0,0,1,7,65,59,4,6,0,32,22,0,1,0,0,0,0,22,0,0,0,0,0,0,12,0,0,0,0,59,0,318,18,1.90769740572284
52,"Forest","C",2,2015-06-09,2015-06-24,15,"2015",0,14,0,1,0,0,10,0,1,2,0,0,0,5,1,1,0,14,11,45,66,15,26,2,53,13,0,0,0,0,0,2,47,0,0,0,0,0,0,16,0,2,0,0,66,0,413,22,2.01253967833069
53,"Salvaged","D",2,2015-06-09,2015-06-25,16,"2015",0,1,0,0,0,0,34,1,0,4,4,0,0,20,0,0,0,0,0,34,11,1,5,9,17,17,0,0,0,0,0,1,135,6,0,0,0,0,0,21,0,0,0,0,11,0,332,18,1.82718244243179
54,"Forest","D",2,2015-06-09,2015-06-25,16,"2015",0,0,0,0,0,0,4,0,0,0,0,0,0,2,0,1,0,16,7,48,75,41,17,141,1,7,0,0,0,0,0,0,5,8,0,0,0,0,0,7,0,0,0,0,75,0,455,16,1.77949889636658
55,"Windthrow","D",2,2015-06-09,2015-06-25,16,"2015",0,0,0,1,0,0,2,0,0,0,0,0,0,10,0,0,0,11,21,54,42,81,29,60,2,13,0,0,0,0,0,1,44,0,2,0,0,0,0,29,0,0,0,0,42,0,444,17,1.94789121865482
56,"Forest","D",2,2015-06-09,2015-06-25,16,"2015",0,2,0,0,0,0,3,0,1,2,0,0,0,17,0,0,1,1,15,63,46,29,13,37,0,4,0,0,0,0,0,3,47,0,0,0,0,0,0,20,0,0,0,0,46,0,350,18,1.94593742705502
57,"Salvaged","E",2,2015-06-09,2015-06-25,16,"2015",0,3,0,0,1,0,11,0,1,1,0,0,0,9,0,1,0,4,0,20,4,21,17,2,8,2,0,1,0,0,0,0,55,1,0,0,0,0,0,9,0,0,1,0,4,0,176,21,1.97620548756104
58,"Forest","E",2,2015-06-09,2015-06-25,16,"2015",0,1,0,0,2,0,7,0,0,6,0,0,0,4,0,2,0,16,33,97,36,67,26,5,1,5,0,0,0,0,1,1,42,0,0,0,0,0,0,11,0,0,0,0,36,0,399,20,1.9274189270865
59,"Windthrow","E",2,2015-06-09,2015-06-25,16,"2015",0,1,0,0,0,0,8,0,0,0,0,0,0,4,0,0,1,30,16,105,123,31,9,88,3,26,0,0,0,0,2,1,58,2,0,0,0,0,0,22,0,0,0,0,123,0,653,19,1.87295847550336
60,"Forest","E",2,2015-06-09,2015-06-25,16,"2015",0,0,0,0,0,0,8,0,0,4,0,0,0,0,0,1,0,9,49,30,68,23,16,37,0,5,0,0,0,0,0,2,10,0,0,0,0,0,0,12,0,1,0,0,68,0,343,16,1.89922283164737
61,"Salvaged","F",2,2015-06-09,2015-06-25,16,"2015",2,0,0,0,0,0,17,0,0,1,0,0,0,12,0,1,1,7,5,40,32,19,28,5,10,8,0,0,0,0,0,0,82,0,0,0,0,0,0,23,0,1,0,0,32,0,326,19,1.97330638072251
62,"Forest","F",2,2015-06-09,2015-06-25,16,"2015",0,2,4,0,0,0,14,0,3,4,0,0,0,5,0,0,0,5,6,62,80,38,17,7,8,4,0,0,0,0,1,0,11,0,0,0,0,0,0,9,0,1,0,0,80,0,361,20,1.90487854578605
63,"Windthrow","F",2,2015-06-09,2015-06-25,16,"2015",0,0,2,0,0,0,7,0,0,1,0,0,0,25,0,0,0,27,9,39,136,19,85,4,7,14,0,0,0,0,0,1,49,1,2,0,0,0,0,36,0,1,1,0,136,0,602,21,1.87720356522128
64,"Forest","F",2,2015-06-09,2015-06-25,16,"2015",0,1,0,0,0,0,6,0,1,1,0,0,0,5,0,2,0,12,11,39,7,7,6,38,4,37,0,0,0,0,0,0,13,0,0,0,0,0,0,35,0,1,0,0,7,0,233,19,1.99431676506635
41,"Forest","A",3,2015-06-25,2015-07-08,13,"2015",0,0,0,0,0,0,1,0,0,0,0,0,0,1,0,0,0,2,4,5,10,3,4,0,1,0,0,0,0,0,0,0,0,0,0,0,0,0,0,1,0,0,0,0,10,0,42,11,1.88829426521298
42,"Salvaged","A",3,2015-06-24,2015-07-08,14,"2015",0,0,1,0,0,0,7,0,0,0,0,0,0,8,1,0,0,277,20,36,9,244,54,0,1,6,0,3,0,0,0,0,3,0,0,0,0,0,0,20,0,2,0,0,9,0,701,17,1.55410575061736
43,"Windthrow","A",3,2015-06-24,2015-07-08,14,"2015",0,0,1,0,0,0,3,0,0,0,0,0,0,1,2,0,0,47,1,52,44,91,23,0,1,1,0,0,0,0,0,0,3,0,0,0,0,0,0,3,0,0,0,0,44,0,317,15,1.73043841657222
44,"Forest","A",3,2015-06-24,2015-07-08,14,"2015",0,1,0,0,0,0,0,0,0,0,0,0,0,1,0,0,0,2,1,17,15,7,7,0,2,0,0,0,0,0,0,0,0,0,0,0,0,0,0,2,0,0,0,0,15,0,70,11,1.80814557856066
45,"Forest","B",3,2015-06-24,2015-07-08,14,"2015",2,2,0,0,0,0,3,0,3,2,0,0,0,8,0,0,0,12,6,85,32,13,2,0,1,2,0,0,0,0,0,5,2,0,0,0,0,0,0,21,0,0,0,0,32,0,233,18,1.84532454070392
46,"Salvaged","B",3,2015-06-24,2015-07-08,14,"2015",2,3,0,0,0,0,8,0,0,2,0,0,0,8,0,0,0,30,29,69,65,23,30,1,5,4,0,0,0,0,0,0,3,0,0,0,0,0,0,23,0,0,0,0,65,0,370,17,1.90919379125962
47,"Windthrow","B",3,2015-06-24,2015-07-08,14,"2015",0,8,0,0,0,0,9,0,0,1,0,0,2,3,2,0,1,6,9,54,119,19,7,1,1,0,0,0,0,0,0,0,3,0,0,0,0,0,0,15,0,0,0,0,119,0,379,18,1.70353872907165
48,"Forest","B",3,2015-06-24,2015-07-08,14,"2015",0,8,0,0,0,0,7,1,0,2,0,0,0,1,1,0,0,8,52,23,81,27,40,1,4,1,0,0,0,0,0,0,4,0,0,0,0,0,0,3,0,3,0,1,81,0,349,20,1.84761151619545
49,"Salvaged","C",3,2015-06-24,2015-07-08,14,"2015",0,1,1,0,0,0,1,0,0,0,0,0,0,10,3,0,0,7,0,26,78,9,0,3,7,0,0,0,0,0,0,0,0,0,0,0,0,0,0,1,0,0,8,0,78,0,233,14,1.6640638757233
50,"Forest","C",3,2015-06-24,2015-07-08,14,"2015",0,8,0,0,1,0,3,0,0,8,0,0,2,8,0,0,0,0,2,45,43,4,3,0,8,4,0,0,0,0,0,1,3,0,0,0,0,0,0,11,0,0,0,0,43,0,197,17,1.88139561122762
51,"Windthrow","C",3,2015-06-24,2015-07-08,14,"2015",1,12,1,0,0,0,8,0,0,8,0,0,0,4,1,0,0,3,18,97,197,3,6,5,4,5,0,0,0,0,0,0,1,0,0,0,0,0,0,13,0,1,0,0,197,0,585,20,1.614797029422
52,"Forest","C",3,2015-06-24,2015-07-08,14,"2015",0,9,0,0,1,0,9,0,0,5,1,0,0,3,0,0,0,19,16,68,162,19,25,0,6,5,0,0,0,0,0,0,5,0,0,0,0,0,0,9,0,0,0,0,162,0,524,17,1.71370751631979
53,"Salvaged","D",3,2015-06-25,2015-07-08,13,"2015",0,7,0,0,0,0,19,2,0,2,0,0,0,4,5,0,0,0,0,82,73,3,6,0,14,12,0,0,0,0,0,0,0,0,0,0,0,0,0,8,0,0,0,0,73,0,310,14,1.74160645077821
54,"Forest","D",3,2015-06-25,2015-07-08,13,"2015",0,5,0,0,1,0,2,0,0,0,0,0,0,3,0,0,0,0,0,45,56,6,3,1,6,0,0,0,0,0,0,0,0,0,1,0,0,0,0,2,0,0,0,0,56,0,187,13,1.63642619161385
55,"Windthrow","D",3,2015-06-25,2015-07-08,13,"2015",0,3,0,0,1,0,3,0,0,0,0,0,0,4,0,0,1,15,1,64,70,164,83,0,1,6,0,0,0,0,0,3,1,0,1,0,0,0,0,26,0,0,0,0,70,0,517,18,1.73232759343249
56,"Forest","D",3,2015-06-25,2015-07-08,13,"2015",0,7,0,0,0,0,4,0,0,0,0,0,0,11,2,0,0,6,0,120,328,29,19,0,15,0,0,0,0,0,0,0,0,0,0,0,0,0,0,10,0,0,0,0,328,0,879,12,1.46855995981536
57,"Salvaged","E",3,2015-06-25,2015-07-08,13,"2015",0,2,2,0,0,0,7,0,0,1,0,0,0,15,4,0,0,10,1,61,52,76,28,0,31,10,0,0,0,0,0,0,0,0,0,0,0,0,0,11,0,0,5,0,52,0,368,17,1.90167678998138
58,"Forest","E",3,2015-06-25,2015-07-08,13,"2015",0,5,0,0,0,1,3,0,0,2,0,0,0,8,1,0,1,0,16,200,41,59,38,0,5,1,0,0,0,0,0,1,2,0,0,0,0,0,0,6,0,0,0,0,41,0,431,18,1.66241172800239
59,"Windthrow","E",3,2015-06-25,2015-07-08,13,"2015",3,10,0,0,0,0,5,0,0,3,0,0,0,1,0,0,0,11,24,110,182,58,22,4,5,14,0,0,0,0,0,0,2,0,0,0,0,0,0,43,0,0,0,0,182,0,679,17,1.73933032028943
60,"Forest","E",3,2015-06-25,2015-07-08,13,"2015",2,10,0,0,0,0,4,0,0,1,0,0,0,4,1,0,0,5,9,38,56,8,20,0,2,2,0,0,0,0,0,1,0,0,0,0,0,0,0,16,0,0,0,0,56,0,235,17,1.86127483535039
61,"Salvaged","F",3,2015-06-25,2015-07-08,13,"2015",0,3,0,0,0,0,8,0,0,2,0,0,2,8,2,0,0,64,46,187,315,37,63,0,11,35,0,0,0,0,0,1,2,0,0,2,0,0,0,25,0,1,2,0,315,0,1131,21,1.71868107532098
62,"Forest","F",3,2015-06-25,2015-07-08,13,"2015",0,4,0,0,0,0,12,0,0,3,0,0,0,2,2,0,1,3,9,161,141,37,28,3,5,9,1,1,0,0,0,0,0,0,0,0,0,0,0,24,0,2,0,0,141,0,589,20,1.72058680592946
63,"Windthrow","F",3,2015-06-25,2015-07-08,13,"2015",0,0,0,0,0,0,8,0,0,0,0,0,0,6,1,0,0,101,11,92,134,61,77,4,13,16,0,1,0,0,2,0,19,0,0,0,0,0,0,14,0,0,6,0,134,0,700,18,1.85515933104249
64,"Forest","F",3,2015-06-25,2015-07-08,13,"2015",0,4,1,0,1,0,13,0,0,2,0,0,0,2,0,0,1,14,25,96,102,55,12,0,4,34,0,0,0,0,0,1,0,0,0,0,0,0,0,7,0,0,0,0,102,0,476,18,1.80842670252084
41,"Forest","A",4,2015-07-08,2015-07-22,14,"2015",0,4,0,0,0,0,9,0,0,0,0,0,2,2,0,0,0,0,2,31,21,0,4,1,1,37,4,0,0,0,0,0,0,0,0,0,0,0,0,4,0,0,0,0,21,0,143,14,1.83486345035505
42,"Salvaged","A",4,2015-07-08,2015-07-22,14,"2015",0,1,0,0,0,0,9,0,0,1,0,0,0,12,3,0,0,157,20,34,9,26,12,1,10,3,0,0,0,0,0,0,0,0,0,0,0,0,0,10,0,1,0,0,9,0,318,17,1.71824608779986
43,"Windthrow","A",4,2015-07-08,2015-07-22,14,"2015",0,1,0,0,1,0,2,0,0,0,0,0,0,9,2,0,0,4,1,28,46,3,6,1,1,10,0,0,0,0,0,0,0,0,0,0,0,0,0,13,0,0,0,0,46,0,174,16,1.81450785114739
44,"Forest","A",4,2015-07-08,2015-07-22,14,"2015",0,0,0,0,0,0,1,0,0,0,0,0,0,6,0,0,0,24,26,45,68,172,36,14,3,18,0,0,0,0,0,1,0,0,0,0,0,0,0,12,0,0,0,0,68,0,494,14,1.76569089691639
45,"Forest","B",4,2015-07-08,2015-07-22,14,"2015",1,4,0,0,0,0,0,0,2,0,0,0,2,2,0,0,0,0,0,41,20,0,2,0,12,10,0,1,0,0,0,0,0,0,0,0,0,0,0,10,0,0,0,0,20,0,127,13,1.81345546045803
46,"Salvaged","B",4,2015-07-08,2015-07-22,14,"2015",0,0,0,0,0,0,1,0,0,15,1,0,0,11,20,0,0,1,5,50,38,1,2,1,22,2,0,0,0,0,0,0,0,0,0,0,0,0,0,23,0,2,2,0,38,0,235,18,1.91221929865659
47,"Windthrow","B",4,2015-07-08,2015-07-22,14,"2015",0,4,1,0,1,0,8,0,0,1,0,0,5,6,5,0,0,12,7,60,114,4,3,1,3,1,0,0,0,0,0,0,0,0,0,0,0,0,0,163,0,1,0,0,114,0,514,20,1.67905169470087
48,"Forest","B",4,2015-07-08,2015-07-22,14,"2015",0,1,0,0,0,0,5,0,0,0,0,0,0,6,1,0,0,1,0,35,59,0,1,0,5,5,0,0,0,4,0,0,0,0,0,0,0,0,0,13,0,0,0,0,59,0,195,13,1.67896757759608
49,"Salvaged","C",4,2015-07-08,2015-07-22,14,"2015",0,0,0,0,2,0,0,0,1,0,0,0,0,21,0,0,0,4,6,16,33,2,0,0,13,5,0,0,0,0,0,0,0,0,0,1,0,0,0,3,0,0,11,0,33,0,151,14,1.88310143245866
50,"Forest","C",4,2015-07-08,2015-07-22,14,"2015",0,3,0,0,0,0,5,0,1,1,0,0,2,8,0,0,0,0,0,14,15,0,3,1,2,10,0,0,0,0,0,0,0,0,0,0,0,0,0,1,0,2,1,0,15,0,84,16,1.99103646985207
51,"Windthrow","C",4,2015-07-08,2015-07-22,14,"2015",0,2,0,0,0,0,2,0,1,0,0,0,0,1,1,1,0,0,0,66,73,6,2,1,3,5,0,2,0,0,0,1,0,0,0,0,0,0,0,33,0,0,0,0,73,0,273,17,1.66987247266496
52,"Forest","C",4,2015-07-08,2015-07-22,14,"2015",1,1,0,0,0,0,0,0,1,1,0,0,0,2,1,0,0,0,0,129,89,1,3,0,0,1,0,1,0,0,0,0,0,0,0,0,0,0,0,35,0,2,0,0,89,0,357,15,1.52257756077791
53,"Salvaged","D",4,2015-07-08,2015-07-22,14,"2015",0,11,0,0,0,0,12,0,0,6,0,0,0,7,5,0,0,0,0,129,89,1,3,1,21,18,0,0,0,0,0,0,0,0,0,0,0,0,0,16,0,0,0,0,89,0,408,14,1.700135763174
54,"Forest","D",4,2015-07-08,2015-07-22,14,"2015",0,5,0,0,0,0,3,0,0,0,0,0,1,7,0,0,0,0,0,25,108,1,3,0,9,8,0,0,0,0,0,1,0,0,0,0,0,0,0,8,0,0,0,0,108,0,287,13,1.55264952434084
55,"Windthrow","D",4,2015-07-08,2015-07-22,14,"2015",0,1,0,0,0,0,1,0,0,1,0,0,0,4,0,0,0,1,4,44,71,8,12,0,3,25,0,5,0,0,0,2,1,0,0,0,0,0,0,25,0,0,0,0,71,0,279,17,1.79385616347223
56,"Forest","D",4,2015-07-08,2015-07-22,14,"2015",0,1,0,0,0,0,0,0,1,0,0,0,0,9,1,0,0,5,13,100,272,8,16,0,3,12,0,0,0,0,0,2,0,0,0,0,0,0,0,12,0,1,0,0,272,0,728,16,1.49365901095773
57,"Salvaged","E",4,2015-07-08,2015-07-22,14,"2015",0,6,1,0,0,0,9,0,1,0,2,0,0,8,26,0,0,12,0,64,51,4,6,1,81,13,5,0,0,0,0,0,0,0,0,1,0,0,0,27,0,0,4,0,51,0,373,20,1.93214125304715
58,"Forest","E",4,2015-07-08,2015-07-22,14,"2015",1,5,0,0,0,0,0,0,0,2,1,0,0,6,1,0,0,0,1,145,30,1,2,0,5,8,0,0,0,0,0,1,0,0,0,0,0,0,0,8,0,0,0,0,30,0,247,16,1.54074962065467
59,"Windthrow","E",4,2015-07-08,2015-07-22,14,"2015",1,5,1,1,0,0,1,0,0,3,0,0,0,1,0,0,0,8,1,85,151,11,9,0,9,17,0,0,0,0,0,5,0,0,0,0,0,0,0,83,0,0,0,0,151,0,543,18,1.67962823779833
61,"Salvaged","F",4,2015-07-08,2015-07-22,14,"2015",0,0,0,0,1,0,1,0,0,1,1,0,0,5,1,0,0,0,7,123,48,7,10,5,5,5,0,0,0,0,0,0,0,0,0,0,0,0,0,24,0,1,0,0,48,0,293,17,1.70088930743586
62,"Forest","F",4,2015-07-08,2015-07-22,14,"2015",0,0,0,0,0,0,2,0,0,4,0,0,0,5,0,0,0,7,2,57,56,39,18,0,1,12,0,0,0,0,0,1,0,0,0,0,0,0,0,10,0,0,0,0,56,0,270,14,1.79089989159576
63,"Windthrow","F",4,2015-07-08,2015-07-22,14,"2015",0,3,1,0,0,0,3,0,0,1,1,0,0,19,2,0,0,1,1,26,52,3,5,3,11,32,0,0,0,0,0,2,1,0,0,0,0,0,1,21,0,3,0,0,52,0,244,22,1.94144894342894
64,"Forest","F",4,2015-07-08,2015-07-22,14,"2015",1,11,0,0,0,0,11,0,0,2,0,0,0,6,0,0,0,0,0,19,17,2,2,0,2,56,0,3,0,0,1,4,0,0,1,0,0,0,0,9,0,0,0,0,17,0,164,17,1.90180100902183
41,"Forest","A",5,2015-07-22,2015-08-05,14,"2015",0,0,0,0,0,0,0,0,0,0,0,0,0,2,0,0,0,5,2,2,7,16,2,0,0,3,0,0,0,0,0,0,1,0,0,0,0,0,0,0,0,0,0,0,7,0,47,10,1.83212980562619
42,"Salvaged","A",5,2015-07-22,2015-08-05,14,"2015",0,1,0,0,0,0,9,0,0,0,3,0,0,4,0,1,0,0,0,1,0,0,0,4,2,0,2,1,0,0,0,0,6,0,0,0,0,0,0,8,0,0,1,0,0,0,43,13,1.97495987595419
44,"Forest","A",5,2015-07-22,2015-08-05,14,"2015",0,1,0,0,0,0,5,0,0,0,0,0,0,4,0,0,0,0,3,7,14,5,1,24,1,4,0,0,0,1,0,0,6,0,0,0,0,0,0,1,0,0,0,0,14,0,91,15,1.95260289622426
45,"Forest","B",5,2015-07-22,2015-08-05,14,"2015",0,0,0,0,0,0,0,0,0,0,0,0,0,9,0,0,0,1,1,32,18,2,0,21,8,23,0,0,0,2,0,0,7,0,0,0,0,0,0,12,0,0,0,0,18,0,154,13,1.90020527938029
46,"Salvaged","B",5,2015-07-22,2015-08-05,14,"2015",0,1,0,0,0,0,0,0,0,0,3,0,0,8,0,0,0,0,0,0,6,1,1,3,3,1,1,2,0,0,0,0,6,0,0,0,0,0,0,16,0,0,0,0,6,0,58,14,1.96772733875697
47,"Windthrow","B",5,2015-07-22,2015-08-05,14,"2015",0,0,0,0,0,0,6,0,1,0,1,0,0,32,18,0,0,3,2,24,35,3,0,55,3,23,0,0,0,0,0,0,3,0,0,0,0,0,0,13,0,2,0,0,35,0,259,17,1.93080596484694
48,"Forest","B",5,2015-07-22,2015-08-05,14,"2015",0,0,0,0,1,0,0,0,0,0,1,0,0,2,0,0,0,0,0,0,0,0,0,1,4,2,0,1,0,17,0,1,0,0,0,0,0,0,0,5,0,0,0,0,0,0,35,10,1.73211893892494
49,"Salvaged","C",5,2015-07-22,2015-08-05,14,"2015",0,2,0,0,0,0,0,0,0,0,5,1,2,45,0,0,0,0,4,6,3,0,0,1,31,0,1,0,0,11,0,0,2,0,0,0,0,0,0,1,0,0,4,0,3,0,122,16,1.80983198303612
50,"Forest","C",5,2015-07-22,2015-08-05,14,"2015",1,0,0,0,0,0,2,0,2,0,0,0,4,10,0,1,0,1,3,24,15,0,3,19,2,17,0,0,0,4,0,1,3,0,1,0,0,0,0,0,0,1,1,0,15,0,130,21,2.05650123635786
51,"Windthrow","C",5,2015-07-22,2015-08-05,14,"2015",0,1,0,0,0,0,3,0,2,0,0,0,0,25,0,0,0,1,20,75,23,1,2,14,4,45,0,0,0,0,0,1,0,0,3,0,0,0,0,9,0,0,0,0,23,0,252,17,1.85470836000363
52,"Forest","C",5,2015-07-22,2015-08-05,14,"2015",0,1,0,0,0,0,4,0,0,1,1,0,0,12,0,0,0,0,1,4,19,14,3,6,9,120,2,0,0,3,0,1,4,0,0,0,0,0,0,12,0,0,0,0,19,0,236,19,1.74935659708197
54,"Forest","D",5,2015-07-22,2015-08-05,14,"2015",0,2,0,0,0,0,3,0,0,0,1,0,1,15,0,1,0,4,10,65,44,14,3,79,7,92,2,1,0,84,0,0,6,0,1,0,0,0,0,11,0,1,0,0,44,0,491,23,1.91916525144133
56,"Forest","D",5,2015-07-22,2015-08-05,14,"2015",0,0,0,0,0,0,0,0,0,0,0,0,0,12,0,0,0,0,0,1,1,0,0,6,3,1,2,0,0,9,0,0,2,0,0,0,0,0,0,17,0,1,0,0,1,0,56,12,1.83789378556734
57,"Salvaged","E",5,2015-07-22,2015-08-05,14,"2015",0,0,0,0,0,0,0,0,0,0,10,0,0,1,0,0,0,0,0,0,0,0,0,0,21,5,103,1,0,5,0,0,0,5,0,0,0,0,0,2,0,0,0,0,0,0,153,9,1.37384948286854
58,"Forest","E",5,2015-07-22,2015-08-05,14,"2015",0,2,0,0,0,0,2,0,0,2,3,0,0,12,1,0,0,1,1,18,4,6,1,26,6,63,1,0,0,61,0,0,23,0,0,0,0,0,0,2,0,1,0,0,4,0,240,21,1.88292538751959
59,"Windthrow","E",5,2015-07-22,2015-08-05,14,"2015",0,1,1,0,0,0,1,0,0,3,0,0,0,6,0,0,0,6,4,121,63,0,3,2,2,100,0,2,0,1,0,0,15,0,0,0,0,0,0,69,0,0,0,0,63,0,463,18,1.73655845687671
60,"Forest","E",5,2015-07-22,2015-08-05,14,"2015",0,0,0,0,0,0,6,1,1,4,0,0,0,8,0,0,0,3,5,23,17,1,0,37,3,85,5,1,0,36,0,0,7,1,5,0,0,0,0,13,0,0,1,0,17,0,280,22,1.9591579621959
63,"Windthrow","F",5,2015-07-22,2015-08-05,14,"2015",0,1,0,0,0,0,2,0,0,0,0,0,0,6,0,0,0,4,1,28,14,2,1,3,1,21,0,0,0,0,0,0,5,0,0,0,0,0,0,0,0,0,3,0,14,0,106,15,1.90167783256949
41,"Forest","A",6,2015-08-05,2015-08-17,12,"2015",0,0,0,0,0,0,0,0,0,1,0,0,0,0,0,0,0,0,1,5,0,0,0,1,0,2,0,0,0,0,0,0,0,0,0,0,0,0,0,1,0,0,0,0,0,0,11,6,1.66931562662375
42,"Salvaged","A",6,2015-08-05,2015-08-17,12,"2015",0,0,0,0,1,0,5,0,0,0,0,0,0,3,0,0,0,17,0,8,0,2,0,0,1,5,0,0,0,0,0,0,1,0,0,0,0,0,0,21,0,1,0,0,0,0,65,11,1.77696087427852
43,"Windthrow","A",6,2015-08-05,2015-08-17,12,"2015",0,0,0,0,0,0,5,0,0,3,0,0,0,5,0,0,0,0,0,7,7,0,0,0,0,58,0,0,0,0,0,0,8,0,0,0,0,0,0,40,0,0,0,0,7,0,140,9,1.61260075526979
44,"Forest","A",6,2015-08-05,2015-08-17,12,"2015",0,0,0,0,0,0,1,0,0,0,0,0,0,3,0,0,0,1,6,16,23,2,1,0,0,7,0,0,0,0,0,0,0,0,0,0,0,0,0,0,0,0,0,0,23,0,83,10,1.71913266576818
45,"Forest","B",6,2015-08-05,2015-08-17,12,"2015",0,0,0,0,1,0,0,0,0,2,0,2,0,6,0,0,0,1,2,41,6,4,0,2,5,3,0,0,0,0,0,1,1,0,0,0,0,0,0,2,0,0,0,0,6,0,85,16,1.83695862416079
46,"Salvaged","B",6,2015-08-05,2015-08-17,12,"2015",2,0,3,0,0,0,0,0,0,0,0,0,0,24,14,1,0,2,0,36,10,5,0,0,3,24,0,0,0,0,0,0,0,0,0,0,0,0,0,21,0,0,0,0,10,0,155,13,1.87370982138455
47,"Windthrow","B",6,2015-08-05,2015-08-17,12,"2015",0,0,0,0,0,0,5,0,0,0,0,0,0,7,8,1,0,1,0,22,8,0,0,0,1,22,0,0,0,0,0,0,0,0,1,0,0,0,0,7,0,2,0,0,8,0,93,13,1.88895916910439
48,"Forest","B",6,2015-08-05,2015-08-17,12,"2015",0,0,0,0,0,0,7,0,0,0,0,0,0,7,0,0,0,6,16,12,3,21,1,0,3,59,0,0,0,1,0,0,2,0,1,0,0,0,0,14,0,0,2,0,3,0,158,16,1.85772046485917
49,"Salvaged","C",6,2015-08-05,2015-08-17,12,"2015",1,2,0,0,0,0,0,0,1,0,0,0,0,19,0,0,0,1,53,39,27,0,0,0,41,2,0,0,0,0,0,0,0,0,0,1,0,0,0,3,0,0,7,0,27,0,224,14,1.78853961709394
50,"Forest","C",6,2015-08-05,2015-08-17,12,"2015",0,0,0,0,1,1,6,0,3,2,0,0,4,14,0,0,0,1,0,17,10,2,0,1,1,28,0,0,0,0,0,0,0,0,0,0,0,0,0,8,0,1,0,0,10,0,110,17,1.97151154672159
51,"Windthrow","C",6,2015-08-05,2015-08-17,12,"2015",2,4,0,0,0,0,1,0,0,1,0,0,0,9,0,0,0,0,2,39,4,1,0,2,2,13,0,0,0,0,0,0,0,0,0,0,0,0,1,7,0,0,0,0,4,0,92,15,1.8338794479987
52,"Forest","C",6,2015-08-05,2015-08-17,12,"2015",0,2,0,0,2,0,6,0,1,6,1,0,0,1,1,0,0,0,1,19,2,25,0,2,7,63,0,1,0,0,0,0,0,0,0,0,0,0,0,9,0,0,0,0,2,0,151,18,1.80301271871419
53,"Salvaged","D",6,2015-08-05,2015-08-17,12,"2015",0,0,0,0,1,0,19,2,0,5,0,0,0,15,1,0,0,3,0,56,20,2,0,138,8,37,0,0,0,0,0,0,6,0,4,6,0,0,0,26,0,0,2,0,20,0,371,19,1.83814373985403
54,"Forest","D",6,2015-08-05,2015-08-17,12,"2015",0,1,0,0,0,3,2,1,0,1,0,0,1,13,2,0,1,7,21,68,15,29,8,52,64,0,0,0,0,0,0,0,1,0,0,0,0,0,0,12,0,3,1,0,15,0,321,22,1.94284887730438
55,"Windthrow","D",6,2015-08-05,2015-08-17,12,"2015",0,0,0,0,1,0,5,0,0,20,0,0,0,4,0,0,0,16,5,22,8,81,9,27,4,21,0,1,0,1,0,0,10,0,0,0,0,0,0,23,0,3,0,0,8,0,269,19,1.97652839350152
56,"Forest","D",6,2015-08-05,2015-08-17,12,"2015",0,0,0,0,0,0,1,0,0,0,0,0,0,15,1,0,0,10,6,30,7,16,0,52,7,25,0,0,0,2,0,0,13,0,1,0,0,0,0,24,0,0,0,0,7,0,217,16,1.95280701143941
57,"Salvaged","E",6,2015-08-05,2015-08-17,12,"2015",0,0,0,0,0,0,1,0,1,3,1,0,0,7,2,0,0,4,0,49,6,2,1,17,20,59,4,5,0,6,0,0,3,1,0,0,0,0,0,15,0,0,17,0,6,0,230,22,1.98442838914506
58,"Forest","E",6,2015-08-05,2015-08-17,12,"2015",0,1,0,0,2,1,2,0,0,8,1,0,0,10,0,0,0,13,34,108,6,131,9,6,5,152,5,0,0,39,0,0,16,0,1,0,0,0,0,13,0,5,0,0,6,0,574,23,1.84024701117132
59,"Windthrow","E",6,2015-08-05,2015-08-17,12,"2015",0,1,0,0,2,0,2,0,0,2,0,0,0,12,0,1,0,7,6,105,4,5,2,26,2,85,0,0,0,0,0,0,8,0,1,0,0,1,0,51,0,0,0,0,4,0,327,20,1.76300490553163
60,"Forest","E",6,2015-08-05,2015-08-17,12,"2015",0,0,0,0,1,0,7,1,0,7,0,0,0,3,0,0,0,128,37,80,28,121,16,22,5,52,7,3,0,110,0,0,10,0,14,0,0,0,0,14,0,1,0,0,28,0,695,22,1.95853717565339
61,"Salvaged","F",6,2015-08-05,2015-08-17,12,"2015",0,1,2,0,0,0,9,0,0,9,2,0,0,7,2,0,0,4,0,51,8,23,4,11,4,102,6,0,0,0,0,0,7,0,0,0,0,0,0,10,0,4,1,0,8,0,275,21,1.89994538830071
62,"Forest","F",6,2015-08-05,2015-08-17,12,"2015",0,0,0,0,0,0,23,0,0,1,0,0,0,12,1,0,0,5,6,54,0,3,0,18,0,103,0,0,0,1,0,0,4,0,0,0,0,0,1,12,0,1,0,0,0,0,245,15,1.68469542374358
63,"Windthrow","F",6,2015-08-05,2015-08-17,12,"2015",0,1,0,0,0,0,3,0,0,0,1,0,0,4,0,0,0,3,1,15,3,1,2,0,0,0,0,0,0,0,0,0,0,0,0,0,0,0,0,0,0,0,0,0,3,0,37,11,1.84598792643422
64,"Forest","F",6,2015-08-05,2015-08-17,12,"2015",1,2,1,0,1,1,10,0,0,2,0,0,0,8,0,1,0,2,0,30,7,3,1,14,8,166,0,0,0,6,0,2,6,0,0,0,0,0,0,22,0,0,0,0,7,0,301,22,1.70009181036678
41,"Forest","A",1,2022-06-01,2022-06-15,14,"2022",25,0,0,0,0,0,0,0,0,0,0,0,0,3,0,0,0,2,1,5,11,28,0,0,2,3,0,3,0,0,0,2,1,0,1,0,0,0,0,3,0,0,1,0,11,0,102,16,1.90260307122257
42,"Salvaged","A",1,2022-06-02,2022-06-15,13,"2022",0,1,0,2,0,0,0,0,0,0,0,0,0,23,3,1,0,32,38,42,34,136,0,0,1,7,0,0,0,0,0,1,0,0,0,0,0,0,0,25,0,0,0,0,34,0,380,15,1.77182416358563
43,"Windthrow","A",1,2022-06-02,2022-06-15,13,"2022",18,0,0,0,0,1,2,0,0,0,0,0,0,10,0,0,0,314,5,45,38,485,0,1,1,20,0,28,0,0,0,0,1,0,0,0,0,0,0,19,0,0,1,0,38,0,1027,17,1.49584708826191
44,"Forest","A",1,2022-06-01,2022-06-15,14,"2022",1,0,0,0,0,0,2,0,0,0,0,0,0,13,0,0,1,22,11,28,19,214,0,3,1,8,0,0,0,0,0,0,0,0,0,0,0,0,0,16,0,0,0,0,19,0,358,14,1.53949646127663
45,"Forest","B",1,2022-06-02,2022-06-15,13,"2022",0,2,0,0,0,1,5,0,0,0,0,0,1,9,5,1,0,41,4,14,47,98,0,2,2,3,0,0,0,0,0,0,1,0,0,0,1,0,0,21,0,0,0,0,47,0,305,19,1.81155948214436
46,"Salvaged","B",1,2022-06-02,2022-06-15,13,"2022",1,0,0,0,0,0,2,0,0,0,0,0,0,32,0,2,0,27,34,84,91,63,0,0,6,19,0,0,0,0,0,1,1,0,0,0,0,0,0,21,0,0,0,0,91,0,475,15,1.81972636721756
47,"Windthrow","B",1,2022-06-02,2022-06-15,13,"2022",41,0,0,0,0,0,3,0,0,0,0,0,0,9,0,2,0,28,12,5,57,163,0,2,0,9,0,0,0,0,0,0,1,0,0,0,0,0,0,16,0,0,0,0,57,0,405,14,1.69825508091318
49,"Salvaged","C",1,2022-06-02,2022-06-15,13,"2022",3,0,0,0,0,0,2,0,0,0,0,0,1,27,0,0,0,3,36,4,8,7,0,0,4,2,0,0,0,0,0,0,0,0,0,0,0,0,0,22,0,0,3,1,8,0,131,15,1.88426406425311
50,"Forest","C",1,2022-06-02,2022-06-15,13,"2022",1,0,0,0,0,0,2,0,0,0,0,0,0,6,4,0,0,0,4,10,68,5,0,3,4,8,0,0,0,0,0,0,1,0,1,1,0,0,0,2,0,0,0,0,68,0,188,16,1.67578060500878
51,"Windthrow","C",1,2022-06-02,2022-06-15,13,"2022",0,3,0,0,0,0,1,0,0,0,0,0,0,12,0,0,0,72,4,49,50,398,0,1,5,11,0,0,0,0,0,0,0,0,1,0,0,0,0,10,0,0,2,0,50,0,669,15,1.4725218158819
52,"Forest","C",1,2022-06-02,2022-06-15,13,"2022",0,0,0,0,0,0,4,0,0,0,0,0,0,31,0,0,0,122,134,156,110,52,0,0,0,28,0,0,0,0,0,0,0,0,0,0,0,0,0,30,0,0,13,0,110,0,790,11,1.77330430319468
53,"Salvaged","D",1,2022-06-01,2022-06-15,14,"2022",3,0,0,0,0,0,4,0,0,0,0,0,0,26,0,2,0,29,6,167,34,119,5,0,2,19,0,0,0,0,0,2,0,1,1,0,0,0,0,33,0,0,0,0,34,0,487,17,1.74175060316949
54,"Forest","D",1,2022-06-01,2022-06-15,14,"2022",1,0,0,0,0,0,1,0,0,0,0,0,0,1,0,0,0,7,1,2,24,12,0,1,0,2,0,0,0,0,0,0,0,0,0,0,0,0,0,15,0,0,0,0,24,0,91,12,1.76431552335814
55,"Windthrow","D",1,2022-06-01,2022-06-15,14,"2022",9,0,0,0,0,0,1,0,0,0,0,0,0,11,0,1,3,5,4,29,27,162,0,0,7,18,0,0,0,0,0,0,0,0,0,0,0,0,0,32,0,0,1,0,27,0,337,15,1.68560736487238
56,"Forest","D",1,2022-06-01,2022-06-15,14,"2022",0,0,0,0,0,0,9,0,0,0,0,0,0,12,1,0,8,66,3,37,58,813,0,0,0,13,11,0,0,0,0,6,0,0,5,2,0,0,0,19,0,0,0,0,58,1,1122,17,1.32726684306765
57,"Salvaged","E",1,2022-06-01,2022-06-15,14,"2022",20,0,0,0,0,2,0,0,0,0,0,0,3,26,0,2,1,70,15,95,67,93,0,0,0,5,0,0,0,0,0,4,0,0,0,0,0,0,0,34,0,0,1,0,67,0,505,16,1.83835487684664
58,"Forest","E",1,2022-06-01,2022-06-15,14,"2022",0,0,0,0,0,0,2,0,0,0,0,0,0,5,1,1,3,6,6,35,115,133,0,0,0,6,0,0,0,0,0,0,1,0,0,1,0,0,0,11,0,0,0,0,115,0,441,15,1.60013123769542
59,"Windthrow","E",1,2022-06-01,2022-06-15,14,"2022",2,0,0,0,0,3,6,0,0,0,0,0,1,17,0,1,2,15,3,103,174,103,0,0,7,1,0,0,0,0,0,2,0,0,0,0,0,0,0,36,0,0,0,0,174,0,650,17,1.66965944300885
60,"Forest","E",1,2022-06-01,2022-06-15,14,"2022",12,0,0,0,0,0,2,0,0,0,0,0,0,11,0,1,2,7,15,21,90,95,0,0,0,6,0,1,0,0,0,0,0,1,0,0,0,0,0,14,0,0,0,0,90,0,368,15,1.71831365332636
61,"Salvaged","F",1,2022-06-01,2022-06-15,14,"2022",0,2,5,5,0,0,4,0,0,0,0,0,0,19,1,2,1,67,2,65,129,317,0,0,3,10,0,0,0,0,0,19,1,0,0,3,0,0,0,44,0,0,0,0,129,2,830,21,1.71009081555542
63,"Windthrow","F",1,2022-06-01,2022-06-15,14,"2022",8,0,0,0,0,3,12,0,0,0,0,0,3,11,0,3,14,19,28,121,200,60,1,0,5,3,0,0,0,0,0,1,0,0,0,0,1,0,0,31,0,1,0,0,200,1,726,21,1.74279380388603
64,"Forest","F",1,2022-06-01,2022-06-15,14,"2022",6,0,0,0,0,0,4,0,0,0,0,0,0,13,0,0,1,29,31,122,164,81,0,0,4,21,0,0,0,0,0,1,0,0,0,0,0,0,0,15,0,0,1,0,164,0,657,15,1.71312077169904
41,"Forest","A",2,2022-06-15,2022-06-29,14,"2022",0,0,0,3,0,0,0,0,0,0,0,0,0,2,1,0,0,10,4,11,46,11,0,2,0,17,0,0,0,0,0,0,1,0,1,6,0,0,0,13,0,0,0,0,46,0,174,15,1.84430900828025
42,"Salvaged","A",2,2022-06-15,2022-06-29,14,"2022",1,0,0,0,0,1,0,0,0,0,0,0,0,16,0,0,0,171,82,72,42,140,0,2,1,22,0,0,0,0,0,0,0,0,0,0,0,0,1,9,0,0,3,0,42,0,605,15,1.71731239221479
43,"Windthrow","A",2,2022-06-15,2022-06-29,14,"2022",0,0,0,0,0,0,1,0,0,0,0,0,0,12,0,0,0,801,15,21,41,288,0,5,1,14,0,1,0,0,0,0,0,0,0,0,0,0,0,5,0,0,0,0,41,3,1249,14,1.2906292685422
44,"Forest","A",2,2022-06-15,2022-06-29,14,"2022",0,0,0,0,0,0,0,0,0,0,0,0,0,5,0,0,0,137,11,34,27,230,1,7,2,19,0,0,0,0,0,0,4,0,0,0,0,0,0,4,0,0,0,0,27,0,508,13,1.55484381263733
45,"Forest","B",2,2022-06-15,2022-06-29,14,"2022",18,0,0,0,0,0,5,0,0,0,0,0,0,19,0,0,0,98,12,13,59,44,0,4,5,19,0,0,0,0,0,0,6,0,0,0,0,0,0,13,0,0,3,0,59,0,377,15,1.87244252989637
46,"Salvaged","B",2,2022-06-15,2022-06-29,14,"2022",3,0,0,0,0,0,1,0,0,0,0,0,0,3,0,0,0,22,8,16,116,73,0,0,1,0,0,0,0,0,0,0,0,0,0,0,0,0,0,11,0,0,0,0,116,0,370,11,1.57163490446267
47,"Windthrow","B",2,2022-06-15,2022-06-29,14,"2022",0,0,0,0,0,0,4,0,0,4,0,0,0,10,3,2,0,63,27,47,102,75,0,29,6,38,0,0,0,0,0,3,6,0,32,0,0,0,0,27,0,0,0,0,102,0,580,18,1.94405438331199
48,"Forest","B",2,2022-06-15,2022-06-29,14,"2022",0,0,0,0,0,0,3,0,0,0,0,0,0,24,0,0,0,79,8,102,44,123,0,12,5,4,0,0,0,0,0,1,2,0,0,0,0,0,0,16,0,3,0,0,44,4,474,16,1.78725384959587
49,"Salvaged","C",2,2022-06-15,2022-06-29,14,"2022",7,0,0,0,0,0,1,0,0,0,0,0,0,31,0,0,0,5,67,12,21,36,0,0,0,4,0,0,0,0,0,0,0,0,1,0,0,0,0,47,0,0,4,3,21,0,260,14,1.83358080314739
50,"Forest","C",2,2022-06-15,2022-06-29,14,"2022",8,0,0,0,0,5,14,0,0,0,0,0,1,29,0,0,0,46,14,73,130,26,0,2,4,58,0,0,0,0,0,3,4,0,0,0,0,0,0,13,0,0,1,0,130,1,562,19,1.84920753486832
51,"Windthrow","C",2,2022-06-15,2022-06-29,14,"2022",0,2,0,0,0,1,6,0,0,0,0,0,0,13,1,1,0,63,20,52,38,44,0,4,7,45,0,0,0,0,0,0,2,0,5,0,0,0,0,19,0,0,12,0,38,0,373,19,1.97949015089997
52,"Forest","C",2,2022-06-15,2022-06-29,14,"2022",0,0,0,0,0,0,8,0,0,0,0,0,0,13,0,0,2,81,16,55,154,146,0,2,2,66,0,3,0,0,0,3,1,0,4,0,0,0,0,40,0,0,0,0,154,0,750,17,1.78508943504384
53,"Salvaged","D",2,2022-06-15,2022-06-29,14,"2022",0,2,0,0,0,0,7,0,0,0,0,0,0,19,0,1,0,708,74,106,27,483,0,0,2,90,0,1,0,0,0,2,0,1,26,0,0,0,2,12,0,0,3,0,27,0,1593,19,1.51346343298934
55,"Windthrow","D",2,2022-06-15,2022-06-29,14,"2022",0,0,0,0,0,0,0,0,0,0,0,0,0,26,0,0,0,128,12,48,31,60,0,4,0,29,0,0,0,0,0,0,2,0,0,0,0,0,0,5,0,0,0,0,31,0,376,11,1.72440429752893
56,"Forest","D",2,2022-06-15,2022-06-29,14,"2022",0,0,0,4,0,0,1,0,0,0,0,0,0,16,17,0,0,186,0,31,32,34,0,0,9,16,0,0,1,0,1,14,6,0,0,3,0,1,0,7,0,0,2,0,32,0,413,19,1.77841051722164
57,"Salvaged","E",2,2022-06-15,2022-06-29,14,"2022",0,0,0,0,0,0,9,0,0,0,0,0,5,22,3,0,0,365,50,123,70,113,0,2,5,38,0,0,0,0,0,3,1,0,33,0,0,0,0,46,0,2,0,0,70,0,960,18,1.76074497782132
58,"Forest","E",2,2022-06-15,2022-06-29,14,"2022",2,1,0,0,0,0,6,0,0,2,0,0,0,10,0,3,5,96,25,262,367,245,0,15,2,31,0,0,0,0,0,0,1,0,5,0,0,0,0,18,0,0,0,0,367,0,1463,19,1.6601996158966
59,"Windthrow","E",2,2022-06-15,2022-06-29,14,"2022",3,1,0,0,0,4,3,0,0,0,0,0,0,9,1,0,0,17,2,23,156,109,0,0,4,0,0,0,0,0,0,0,0,0,0,0,0,0,0,20,0,4,1,0,156,0,513,16,1.61576950401938
60,"Forest","E",2,2022-06-15,2022-06-29,14,"2022",0,3,0,0,0,0,5,0,0,0,0,0,0,4,0,0,3,499,15,31,91,175,0,6,0,40,0,0,0,0,0,0,1,0,4,0,0,0,0,21,0,0,0,0,91,1,990,16,1.54026417863158
61,"Salvaged","F",2,2022-06-15,2022-06-29,14,"2022",0,0,0,0,0,0,0,0,0,0,0,0,0,2,0,0,0,110,10,20,24,237,0,2,1,9,0,0,0,0,0,6,2,0,2,0,0,0,0,14,0,1,0,0,24,0,464,15,1.53515862911923
63,"Windthrow","F",2,2022-06-15,2022-06-29,14,"2022",0,0,0,0,0,4,3,0,0,0,0,0,0,16,0,0,0,29,6,85,59,30,0,3,0,14,0,0,0,0,0,1,4,0,0,0,0,0,1,20,0,0,0,0,59,0,334,15,1.82713970078508
64,"Forest","F",2,2022-06-15,2022-06-29,14,"2022",247,0,0,0,0,0,3,0,0,0,0,0,0,10,0,0,0,186,44,55,170,203,0,3,2,75,0,0,0,0,0,2,3,0,0,0,0,0,0,9,0,0,2,1,170,0,1185,17,1.7618200890403
41,"Forest","A",3,2022-06-29,2022-07-13,14,"2022",0,4,0,0,0,2,5,0,0,0,0,0,0,21,0,0,0,100,45,83,322,221,0,0,2,26,0,0,0,0,0,0,0,0,0,0,0,0,0,30,0,0,0,0,322,1,1184,14,1.64927382216068
42,"Salvaged","A",3,2022-06-29,2022-07-13,14,"2022",0,1,0,0,0,1,8,0,0,0,0,0,0,16,1,1,0,16,24,75,13,43,1,0,1,0,0,0,0,0,0,0,0,0,0,0,0,0,0,9,0,0,0,0,13,0,223,15,1.79487604862425
43,"Windthrow","A",3,2022-06-29,2022-07-13,14,"2022",0,0,0,0,0,0,7,0,0,0,0,0,0,17,1,0,0,4,3,78,59,87,0,0,1,21,0,0,0,0,0,0,0,0,0,0,0,0,0,20,0,0,0,0,59,0,357,12,1.72232426283513
44,"Forest","A",3,2022-06-29,2022-07-13,14,"2022",0,0,0,0,0,1,3,0,0,0,0,0,0,16,0,0,0,82,3,56,17,166,0,0,13,48,0,0,0,0,0,0,0,0,0,0,0,0,0,7,0,0,0,0,17,1,430,13,1.66747010863867
45,"Forest","B",3,2022-06-29,2022-07-13,14,"2022",0,0,0,0,0,1,4,0,0,0,0,0,2,7,2,0,0,20,51,50,124,151,1,0,3,55,0,0,0,0,0,0,0,0,0,0,0,0,0,11,0,2,0,0,124,5,613,17,1.75669986511783
46,"Salvaged","B",3,2022-06-29,2022-07-13,14,"2022",1,0,0,0,0,0,8,0,0,0,0,0,0,13,0,0,0,20,105,169,75,41,0,0,8,17,0,0,0,0,0,0,0,0,0,0,0,0,0,22,0,0,6,0,75,0,560,13,1.74936256525362
47,"Windthrow","B",3,2022-06-29,2022-07-13,14,"2022",0,0,0,0,0,1,14,0,0,0,0,0,0,23,1,0,0,331,54,108,251,860,0,0,5,99,0,0,0,0,0,0,0,0,0,0,0,0,0,27,0,0,0,0,251,11,2036,14,1.594222001826
48,"Forest","B",3,2022-06-29,2022-07-13,14,"2022",0,0,0,0,0,0,1,0,0,0,0,0,0,2,0,0,0,6,8,67,19,72,0,4,0,6,0,1,0,0,0,0,1,0,2,0,0,0,0,8,0,1,0,0,19,3,220,16,1.73900967714516
49,"Salvaged","C",3,2022-06-29,2022-07-13,14,"2022",0,1,0,0,0,0,14,0,0,0,0,0,7,20,1,1,0,33,258,56,19,56,0,0,22,1,0,0,0,0,0,0,0,0,0,0,0,0,0,69,0,1,18,0,19,0,596,17,1.7293187009117
50,"Forest","C",3,2022-06-29,2022-07-13,14,"2022",0,2,0,0,0,2,40,0,0,0,0,0,1,10,1,0,0,32,59,75,90,44,0,0,1,0,0,0,0,0,0,0,0,0,0,0,0,0,0,20,0,0,0,0,90,1,468,15,1.80690193852761
51,"Windthrow","C",3,2022-06-29,2022-07-13,14,"2022",0,1,0,0,0,0,7,0,0,0,0,0,0,10,0,0,0,6,5,33,33,28,0,0,14,67,0,0,0,0,0,0,0,0,0,0,0,0,0,9,0,0,0,0,33,3,249,13,1.84532629810291
52,"Forest","C",3,2022-06-29,2022-07-13,14,"2022",0,3,1,0,0,1,13,0,0,0,0,0,0,8,0,0,0,14,5,128,73,69,0,0,9,62,0,0,0,0,0,0,0,0,0,0,0,0,0,36,0,0,4,0,73,4,503,16,1.81507188926852
53,"Salvaged","D",3,2022-06-29,2022-07-13,14,"2022",0,0,0,0,0,0,4,0,0,0,0,0,0,13,0,1,0,56,12,118,24,145,2,0,3,0,0,0,0,0,0,0,0,0,0,0,0,0,0,57,0,1,0,0,24,0,460,13,1.67218179670193
54,"Forest","D",3,2022-06-29,2022-07-13,14,"2022",0,1,0,0,0,1,15,0,0,0,0,0,0,8,0,0,0,22,2,52,160,75,0,0,2,21,0,0,0,0,0,0,0,0,0,0,0,0,0,25,0,0,0,0,160,5,549,14,1.67766492248877
55,"Windthrow","D",3,2022-06-29,2022-07-13,14,"2022",0,0,0,0,0,0,2,0,0,0,0,0,0,6,0,0,0,16,0,32,40,76,0,0,2,44,0,0,0,0,0,0,0,0,0,0,0,0,0,10,0,0,0,0,40,0,268,10,1.71658461548281
56,"Forest","D",3,2022-06-29,2022-07-13,14,"2022",0,0,0,0,0,0,5,0,0,0,0,0,0,9,2,0,0,59,12,103,120,97,0,0,7,31,0,0,0,0,0,0,0,0,0,0,0,0,0,9,0,1,0,0,120,6,581,14,1.75083356058716
57,"Salvaged","E",3,2022-06-29,2022-07-13,14,"2022",0,0,0,0,0,0,9,0,0,0,0,0,2,15,3,0,0,104,28,152,36,88,0,0,6,0,0,0,0,0,0,0,0,0,0,0,0,0,0,30,0,0,0,0,36,0,509,12,1.72181259954043
58,"Forest","E",3,2022-06-29,2022-07-13,14,"2022",0,2,0,0,0,0,7,0,0,0,0,0,0,12,0,0,4,36,16,343,152,91,1,0,1,45,0,0,0,0,0,0,0,0,0,0,0,0,0,23,0,0,0,0,152,8,893,15,1.64819754402457
59,"Windthrow","E",3,2022-06-29,2022-07-13,14,"2022",0,0,1,0,0,1,4,0,0,0,0,0,2,4,0,0,1,58,1,249,95,184,0,0,3,35,0,1,0,0,0,0,0,0,0,0,0,0,0,19,0,0,0,0,95,4,757,17,1.64953005297086
60,"Forest","E",3,2022-06-29,2022-07-13,14,"2022",0,1,0,0,0,0,7,0,0,0,0,0,0,13,0,0,0,9,0,30,108,49,0,0,1,56,0,0,0,0,0,0,0,0,0,0,0,0,0,23,0,0,0,0,108,0,405,11,1.68457503779713
61,"Salvaged","F",3,2022-06-29,2022-07-13,14,"2022",0,1,1,0,0,0,2,0,0,0,0,0,0,3,0,0,0,170,7,10,0,9,0,0,0,52,0,0,0,0,0,0,0,0,0,0,0,0,0,34,0,0,0,0,0,0,289,10,1.4104442885574
62,"Forest","F",3,2022-06-29,2022-07-13,14,"2022",0,2,1,0,0,0,15,0,0,0,0,0,0,4,0,0,4,42,4,145,139,399,0,0,6,65,0,0,0,0,0,0,0,0,0,0,0,0,0,68,0,0,0,0,139,0,1033,14,1.64308503730828
63,"Windthrow","F",3,2022-06-29,2022-07-13,14,"2022",0,1,0,0,0,1,5,0,0,0,0,0,0,9,0,0,3,96,14,183,44,31,0,0,2,48,0,0,0,0,0,0,0,0,0,0,0,0,0,10,0,0,0,0,44,1,492,15,1.7020074222332
64,"Forest","F",3,2022-06-29,2022-07-13,14,"2022",0,0,0,0,0,0,2,0,0,0,0,0,0,6,0,0,0,21,17,237,42,40,0,3,5,163,0,4,0,0,1,0,6,0,0,0,0,0,0,12,0,1,0,0,42,1,603,17,1.64876307725753
41,"Forest","A",4,2022-07-13,2022-07-27,14,"2022",0,0,0,0,0,0,6,0,0,0,0,0,0,4,1,0,0,266,98,41,495,0,6,0,4,40,0,0,0,0,0,0,0,0,0,0,0,0,0,15,0,1,0,0,495,36,1508,14,1.53038258693122
42,"Salvaged","A",4,2022-07-13,2022-07-27,14,"2022",0,0,0,0,0,1,4,0,0,0,0,0,0,9,0,0,0,6,9,103,15,6,0,0,2,31,0,0,0,0,0,0,0,0,0,0,0,0,0,7,0,3,2,0,15,0,213,14,1.69981936516372
43,"Windthrow","A",4,2022-07-13,2022-07-27,14,"2022",0,0,0,0,0,0,7,0,0,0,0,0,0,10,0,0,0,14,2,41,47,12,0,0,7,26,0,0,0,0,0,0,0,0,0,0,0,0,0,17,0,0,0,0,47,0,230,11,1.81812534459782
44,"Forest","A",4,2022-07-13,2022-07-27,14,"2022",0,0,0,0,0,0,4,0,0,0,0,0,0,24,0,0,0,198,15,84,149,52,0,0,0,43,0,0,0,0,0,0,0,0,0,0,0,0,0,7,0,0,0,0,149,0,725,10,1.66174058126027
45,"Forest","B",4,2022-07-13,2022-07-27,14,"2022",0,0,0,0,0,0,6,0,0,0,0,0,1,10,0,1,0,47,10,46,86,32,0,0,1,33,0,0,0,0,0,0,0,0,0,0,0,0,0,16,0,0,0,0,86,0,375,13,1.7793081564359
46,"Salvaged","B",4,2022-07-13,2022-07-27,14,"2022",0,0,0,0,0,1,6,0,0,0,0,0,0,14,0,0,0,135,167,0,63,2,1,37,5,40,0,0,0,0,0,0,0,0,0,0,0,0,0,10,0,3,0,0,63,0,547,14,1.6952902004217
47,"Windthrow","B",4,2022-07-13,2022-07-27,14,"2022",1,3,0,0,0,0,6,0,0,0,0,0,0,10,6,0,0,26,68,119,336,31,0,0,5,75,0,0,0,0,0,0,0,0,0,0,0,0,0,24,0,1,7,4,336,0,1058,17,1.64219677793555
48,"Forest","B",4,2022-07-13,2022-07-27,14,"2022",0,0,0,0,0,0,1,0,0,0,0,0,0,7,0,0,0,7,35,62,32,76,0,0,0,63,0,0,0,0,0,0,0,0,0,0,0,0,0,28,0,2,0,0,32,1,346,12,1.77425379347514
49,"Salvaged","C",4,2022-07-13,2022-07-27,14,"2022",0,0,0,0,0,0,25,0,0,0,0,0,3,36,3,0,1,56,279,58,33,0,0,0,8,38,0,0,0,0,0,0,0,0,0,0,0,0,0,23,0,0,17,0,33,4,617,15,1.71430335796789
50,"Forest","C",4,2022-07-13,2022-07-27,14,"2022",0,1,0,0,0,7,21,0,0,0,0,0,0,24,6,2,1,23,10,88,50,2,0,0,1,22,0,0,0,0,0,0,0,0,0,0,0,0,0,13,0,0,1,0,50,0,322,17,1.86951717124369
51,"Windthrow","C",4,2022-07-13,2022-07-27,14,"2022",0,0,0,0,0,0,6,0,0,0,0,0,0,12,1,1,0,73,4,56,52,26,0,0,8,57,0,0,0,0,0,0,0,0,0,0,0,0,0,5,0,1,7,0,52,4,365,16,1.85265475445735
52,"Forest","C",4,2022-07-13,2022-07-27,14,"2022",0,6,0,0,0,0,8,0,0,0,0,0,0,42,1,0,1,210,106,112,173,0,1,0,0,71,0,0,0,0,0,0,0,0,0,0,0,0,0,14,0,0,9,0,173,6,933,15,1.7426042513491
53,"Salvaged","D",4,2022-07-13,2022-07-27,14,"2022",1,2,0,0,0,0,6,0,0,0,0,0,0,9,1,0,0,20,24,227,42,3,0,0,2,28,0,0,0,0,0,0,0,0,0,0,0,0,0,6,0,2,0,0,42,0,415,15,1.57246708975147
54,"Forest","D",4,2022-07-13,2022-07-27,14,"2022",0,2,1,0,0,0,14,0,0,0,0,0,16,103,15,0,0,37,55,292,42,14,0,0,0,29,0,0,0,0,0,0,0,0,0,0,0,0,0,62,0,7,2,0,42,0,733,16,1.76009949310988
55,"Windthrow","D",4,2022-07-13,2022-07-27,14,"2022",0,1,0,0,0,3,0,0,0,0,0,0,0,23,0,0,5,102,43,18,72,2,0,0,9,42,0,0,0,0,0,0,0,0,0,0,0,0,0,21,0,4,0,0,72,4,421,15,1.82631682208924
56,"Forest","D",4,2022-07-13,2022-07-27,14,"2022",0,0,0,0,0,0,16,0,0,0,0,0,0,6,1,0,1,247,86,15,45,0,2,0,6,31,0,0,0,0,0,0,0,0,0,0,0,0,0,13,0,10,0,0,45,68,592,15,1.69827652283044
57,"Salvaged","E",4,2022-07-13,2022-07-27,14,"2022",0,1,0,0,0,0,3,0,0,0,0,0,0,8,0,0,0,33,16,25,149,6,0,0,7,21,0,0,0,0,0,0,0,0,0,0,0,0,0,12,0,1,0,0,149,0,431,13,1.61160886874934
58,"Forest","E",4,2022-07-13,2022-07-27,14,"2022",0,2,2,0,0,0,1,0,0,0,0,0,0,5,3,0,2,43,5,37,25,0,2,0,6,6,0,0,0,0,0,0,0,0,0,0,0,0,0,15,0,0,0,0,25,12,191,16,1.91433858021317
59,"Windthrow","E",4,2022-07-13,2022-07-27,14,"2022",0,1,1,0,0,0,4,0,0,0,0,0,1,15,1,0,0,130,101,25,236,3,4,0,7,58,0,0,0,0,0,0,0,0,0,0,0,0,0,16,0,1,0,0,236,0,840,17,1.65522374471052
60,"Forest","E",4,2022-07-13,2022-07-27,14,"2022",0,0,0,0,0,0,2,0,0,0,0,0,0,20,0,1,3,42,22,4,33,1,0,0,2,53,0,0,0,0,0,0,0,0,0,0,0,0,0,25,0,1,3,0,33,5,250,16,1.87740550968328
61,"Salvaged","F",4,2022-07-13,2022-07-27,14,"2022",0,6,0,0,0,0,5,0,0,0,0,0,0,14,1,1,0,0,0,196,67,19,0,0,5,48,0,0,0,0,0,0,0,0,0,0,0,0,0,13,0,0,0,0,67,0,442,12,1.59814666162177
62,"Forest","F",4,2022-07-13,2022-07-27,14,"2022",0,0,0,0,0,0,34,0,0,0,0,0,0,10,0,0,1,136,22,186,271,28,0,0,16,36,0,0,0,0,0,0,0,0,0,0,0,0,0,29,0,5,0,0,271,0,1045,13,1.67979433683958
41,"Forest","A",5,2022-07-27,2022-08-11,15,"2022",0,3,0,0,0,1,8,0,0,0,0,0,0,9,0,0,0,23,34,129,493,13,0,0,8,35,0,0,0,0,0,0,0,0,0,0,0,0,0,20,0,0,0,0,493,0,1269,13,1.45134883505763
42,"Salvaged","A",5,2022-07-27,2022-08-11,15,"2022",0,1,0,0,0,2,6,0,0,0,0,0,0,37,1,1,0,0,11,156,32,14,0,0,1,11,0,0,0,0,0,0,0,0,0,0,0,0,0,2,0,3,0,0,32,0,310,15,1.62107973285676
43,"Windthrow","A",5,2022-07-27,2022-08-11,15,"2022",0,1,0,0,0,0,3,0,0,0,0,0,0,17,0,0,0,14,2,41,47,12,0,0,1,12,0,0,0,0,0,0,0,0,0,0,0,0,0,21,0,7,0,0,47,0,225,13,1.83292160276917
44,"Forest","A",5,2022-07-27,2022-08-11,15,"2022",0,0,0,0,0,1,0,0,0,0,0,0,0,10,0,0,0,21,5,46,20,9,0,0,1,42,0,0,0,0,0,0,0,0,0,0,0,0,0,5,0,0,0,0,20,0,180,11,1.77370011448862
46,"Salvaged","B",5,2022-07-27,2022-08-11,15,"2022",0,0,0,0,0,0,10,0,0,0,0,0,0,21,2,0,0,13,67,196,102,9,0,0,3,25,0,0,0,0,0,0,0,0,0,0,0,0,0,28,0,2,1,0,102,0,581,14,1.70039406262188
47,"Windthrow","B",5,2022-07-27,2022-08-11,15,"2022",1,2,1,0,0,1,3,0,0,0,0,1,0,24,1,0,0,26,68,119,336,31,0,0,12,65,0,0,0,0,0,0,0,0,0,0,0,0,0,25,0,0,7,1,336,0,1060,19,1.65031074809456
48,"Forest","B",5,2022-07-27,2022-08-11,15,"2022",1,0,0,0,0,0,0,0,0,0,0,0,0,9,0,0,0,19,7,95,36,9,0,0,4,17,0,0,0,0,0,0,0,0,0,0,0,0,0,12,0,0,2,0,36,0,247,12,1.72989595840393
49,"Salvaged","C",5,2022-07-27,2022-08-11,15,"2022",0,1,0,0,0,5,19,0,0,0,0,0,7,19,0,0,0,18,161,259,77,1,0,0,15,9,0,0,0,0,0,0,0,0,0,0,0,0,0,22,0,1,20,0,77,0,711,16,1.6983844701533
50,"Forest","C",5,2022-07-27,2022-08-11,15,"2022",0,0,0,0,0,1,5,0,0,0,0,0,0,7,1,0,0,19,29,27,114,13,0,0,0,8,0,0,0,0,0,0,0,0,0,0,0,0,0,9,0,1,0,0,114,0,348,13,1.65021515744839
52,"Forest","C",5,2022-07-27,2022-08-11,15,"2022",0,2,0,0,0,0,6,0,0,0,0,0,0,13,0,0,0,26,23,120,151,24,0,0,16,70,0,0,0,0,0,0,0,0,0,0,0,0,0,7,0,0,0,0,151,0,609,12,1.70152347768827
53,"Salvaged","D",5,2022-07-27,2022-08-15,19,"2022",2,2,0,0,0,0,6,0,0,0,0,0,0,28,3,0,0,7,3,123,52,2,0,0,9,55,0,0,0,0,0,0,0,0,0,0,0,0,0,25,0,1,1,0,52,0,371,16,1.76105955953285
54,"Forest","D",5,2022-07-27,2022-08-11,15,"2022",0,4,1,0,0,0,3,0,0,1,0,0,0,7,0,0,0,14,8,23,131,0,0,0,5,41,0,0,0,0,0,0,0,0,0,0,0,0,0,13,0,0,0,0,131,0,382,13,1.60575465406681
55,"Windthrow","D",5,2022-07-27,2022-08-11,15,"2022",0,0,0,0,0,1,4,0,0,0,0,0,1,44,1,0,0,4,7,110,211,2,0,0,2,30,0,0,0,0,0,0,0,0,0,0,0,0,0,17,0,0,0,0,211,0,645,14,1.55253266552512
56,"Forest","D",5,2022-07-27,2022-08-11,15,"2022",0,0,0,0,0,0,0,0,3,0,0,0,0,7,0,0,0,10,4,41,25,2,0,0,0,14,0,1,0,0,0,0,0,0,0,0,0,0,0,14,0,0,6,0,25,0,152,12,1.83749013246696
57,"Salvaged","E",5,2022-07-27,2022-08-11,15,"2022",0,1,0,0,0,0,5,0,0,0,0,0,0,27,2,0,0,21,45,155,78,7,0,0,12,91,0,0,0,0,0,0,0,0,0,0,0,0,0,52,0,10,1,0,78,0,585,15,1.80706260504557
58,"Forest","E",5,2022-07-27,2022-08-11,15,"2022",0,0,0,0,0,1,4,0,0,0,0,0,0,3,0,0,0,3,0,46,0,0,0,0,5,18,0,0,0,0,0,0,0,0,0,0,0,0,0,13,0,0,0,0,0,0,93,8,1.55734339894488
59,"Windthrow","E",5,2022-07-27,2022-08-11,15,"2022",1,2,1,0,0,0,5,0,0,0,0,0,0,10,0,0,0,23,12,193,553,5,0,0,0,50,0,0,0,0,0,0,0,0,0,0,0,0,0,19,0,1,1,0,553,0,1429,15,1.41372375564638
60,"Forest","E",5,2022-07-27,2022-08-11,15,"2022",0,2,0,0,0,0,1,0,0,3,0,0,0,7,1,0,0,19,21,55,157,2,0,0,0,30,0,0,0,0,0,0,0,0,0,0,0,0,0,9,0,5,2,0,157,0,471,15,1.61987762513886
61,"Salvaged","F",5,2022-07-27,2022-08-11,15,"2022",0,0,0,0,0,0,3,0,0,0,0,0,0,15,0,0,0,53,4,47,62,14,0,0,0,39,0,0,0,0,0,0,0,0,0,0,0,0,0,8,0,0,0,0,62,0,307,10,1.74025583574513
62,"Forest","F",5,2022-07-27,2022-08-11,15,"2022",0,1,0,0,0,0,0,0,0,0,0,0,0,2,0,1,0,42,10,42,131,6,0,0,0,16,0,0,0,0,0,0,0,0,0,0,0,0,0,9,0,0,0,0,131,0,391,11,1.56774428919115
63,"Windthrow","F",5,2022-07-27,2022-08-11,15,"2022",0,3,1,0,0,1,1,0,0,3,0,0,0,4,0,0,0,7,3,203,78,3,0,0,0,21,0,0,0,0,0,0,0,0,0,0,0,0,0,22,0,12,0,0,78,0,440,15,1.57767767974701
64,"Forest","F",5,2022-07-27,2022-08-11,15,"2022",0,2,0,0,0,0,3,0,0,0,0,0,0,4,2,0,0,8,7,232,72,2,0,0,0,45,0,0,0,0,0,0,0,0,0,0,0,0,0,4,0,4,1,0,72,0,458,14,1.5145578678644
41,"Forest","A",6,2022-08-11,2022-08-23,12,"2022",7,0,0,0,0,1,6,0,0,0,0,0,0,10,0,0,2,237,79,129,322,121,0,0,2,0,0,0,0,0,0,0,0,0,0,0,0,0,0,27,0,0,0,0,322,3,1268,14,1.6451648786017
42,"Salvaged","A",6,2022-08-11,2022-08-23,12,"2022",13,0,0,0,0,2,1,0,0,0,0,0,0,8,0,0,0,28,143,126,10,95,0,0,1,0,0,0,0,0,0,0,0,0,0,0,0,0,0,5,0,0,3,0,10,4,449,14,1.62015261433421
43,"Windthrow","A",6,2022-08-11,2022-08-23,12,"2022",0,0,0,0,0,0,5,0,0,0,0,0,0,13,0,0,0,38,7,89,47,5,0,0,1,25,0,0,0,0,0,0,0,0,0,0,0,0,0,30,0,10,0,0,47,0,317,12,1.79028048293229
44,"Forest","A",6,2022-08-11,2022-08-23,12,"2022",0,0,1,0,0,0,2,0,0,0,0,0,0,6,0,0,0,99,16,47,15,16,0,0,3,17,0,0,0,0,0,0,0,0,0,0,0,0,0,1,0,0,0,0,15,0,238,12,1.67872777755161
45,"Forest","B",6,2022-08-11,2022-08-23,12,"2022",2,0,0,0,0,0,5,0,0,0,0,0,0,9,0,0,0,8,31,38,60,71,1,0,2,0,0,0,0,0,0,0,0,0,0,0,0,0,0,6,0,0,2,0,60,2,297,14,1.75985872845346
46,"Salvaged","B",6,2022-08-11,2022-08-23,12,"2022",0,0,1,0,0,1,6,0,0,0,0,0,0,21,2,0,0,60,61,141,25,4,0,0,4,19,0,0,0,0,0,0,0,0,0,0,0,0,0,14,0,0,1,0,25,0,385,15,1.73852999494371
47,"Windthrow","B",6,2022-08-11,2022-08-23,12,"2022",0,2,0,0,0,0,6,0,0,0,0,0,0,0,3,0,0,1029,182,98,123,29,0,0,10,29,0,0,0,0,0,0,0,0,0,0,0,0,0,6,0,1,2,0,123,0,1643,14,1.38476077824532
48,"Forest","B",6,2022-08-11,2022-08-23,12,"2022",0,0,0,0,0,1,7,0,0,0,0,0,0,6,0,0,0,55,41,155,19,11,0,0,6,23,0,0,0,0,0,0,0,0,0,0,0,0,0,17,0,4,1,0,19,0,365,14,1.71417249335405
49,"Salvaged","C",6,2022-08-11,2022-08-23,12,"2022",9,0,0,0,0,2,16,0,0,0,0,0,15,33,0,0,0,145,147,113,84,23,0,0,11,0,0,0,0,0,0,0,0,0,0,0,0,0,0,12,0,0,20,0,84,0,714,14,1.81462942169628
50,"Forest","C",6,2022-08-11,2022-08-23,12,"2022",0,1,0,0,0,1,18,0,0,0,0,0,0,7,0,0,1,36,84,80,107,172,0,0,2,12,0,0,0,0,0,0,0,0,0,0,0,0,0,4,0,2,3,0,107,0,637,16,1.73486565245732
51,"Windthrow","C",6,2022-08-11,2022-08-23,12,"2022",1,0,0,0,0,0,1,0,0,0,0,0,0,7,0,0,0,72,37,104,62,13,0,0,4,37,0,0,0,0,0,0,0,0,0,0,0,0,0,2,0,1,7,0,62,0,410,14,1.7610067872611
52,"Forest","C",6,2022-08-11,2022-08-23,12,"2022",1,0,0,1,0,0,4,0,0,0,0,0,0,17,3,0,0,279,10,124,104,136,0,4,7,70,29,2,0,3,0,3,1,0,48,13,0,0,0,3,0,0,2,0,104,0,968,23,1.8342043356189
53,"Salvaged","D",6,2022-08-11,2022-08-23,12,"2022",5,0,0,0,0,0,2,0,0,0,0,0,0,16,0,0,0,59,14,112,50,165,0,0,4,9,9,0,0,1,0,0,0,0,2,3,0,0,0,4,0,1,0,0,50,0,506,17,1.73946586253746
54,"Forest","D",6,2022-08-11,2022-08-23,12,"2022",8,0,0,0,0,0,6,0,0,0,0,0,1,8,0,0,0,30,1,32,37,51,0,0,0,0,0,0,0,0,0,0,0,0,0,0,0,0,0,19,0,0,1,0,37,2,233,13,1.81792385227646
55,"Windthrow","D",6,2022-08-11,2022-08-22,11,"2022",4,0,0,0,0,4,1,0,0,0,0,0,0,6,0,0,0,95,12,47,58,131,0,0,2,0,0,0,0,0,0,0,0,0,0,0,0,0,0,13,0,0,0,0,58,0,431,12,1.67703990118502
56,"Forest","D",6,2022-08-11,2022-08-23,12,"2022",0,0,0,1,0,0,6,0,0,0,0,0,0,7,1,0,3,243,7,31,162,252,0,1,0,31,0,0,0,3,0,2,2,0,9,1,0,0,0,7,0,0,2,0,162,7,940,21,1.66673599844913
57,"Salvaged","E",6,2022-08-11,2022-08-23,12,"2022",13,0,0,0,0,1,6,0,0,0,0,0,1,17,0,0,0,50,26,91,7,35,0,0,1,0,0,0,0,0,0,0,0,0,0,0,0,0,0,12,0,0,3,0,7,0,270,14,1.77497195550024
58,"Forest","E",6,2022-08-11,2022-08-23,12,"2022",0,0,0,0,0,1,5,0,0,0,0,0,0,16,0,0,0,158,1,96,62,177,0,0,3,0,0,0,0,0,0,0,0,0,0,0,0,0,0,21,0,0,2,0,62,3,607,13,1.6407272212115
59,"Windthrow","E",6,2022-08-11,2022-08-23,12,"2022",5,0,0,0,0,0,3,0,0,0,0,0,2,12,0,0,0,21,6,76,62,62,0,0,3,0,0,0,0,0,0,0,0,0,0,0,0,0,0,11,0,1,0,0,62,2,328,14,1.75782890124027
60,"Forest","E",6,2022-08-11,2022-08-23,12,"2022",0,2,0,0,0,0,5,0,0,0,0,0,1,6,0,0,0,55,30,50,40,16,0,0,3,25,0,0,0,0,0,0,0,0,0,0,0,0,0,8,0,1,0,0,40,0,282,14,1.8508124932866
61,"Salvaged","F",6,2022-08-11,2022-08-23,12,"2022",0,0,0,0,0,0,2,0,0,0,0,0,0,13,1,0,0,169,4,48,30,7,0,0,8,12,0,0,0,0,0,0,0,0,0,0,0,0,0,3,0,3,0,0,30,0,330,13,1.5922348359996
62,"Forest","F",6,2022-08-11,2022-08-23,12,"2022",1,0,0,0,0,1,3,0,0,0,0,0,0,7,0,0,0,90,2,37,74,180,0,0,8,14,0,0,0,0,0,0,0,0,0,0,0,0,0,5,0,0,0,0,74,3,499,14,1.65230558098044
63,"Windthrow","F",6,2022-08-11,2022-08-23,12,"2022",1,0,9,0,0,1,8,0,0,0,0,0,1,8,6,0,0,126,63,174,89,17,0,0,5,30,0,0,0,0,0,0,0,0,0,0,0,0,0,19,0,8,0,0,89,0,654,17,1.79310510287841
41,"Forest","A",7,2022-08-23,2022-09-06,14,"2022",0,0,0,0,0,0,14,0,0,0,0,0,0,11,2,0,1,64,38,109,106,0,20,0,2,26,0,0,0,0,0,0,0,0,0,0,0,0,0,21,0,1,1,0,106,0,522,15,1.7845492800678
42,"Salvaged","A",7,2022-08-23,2022-09-06,14,"2022",0,0,0,0,0,0,10,0,0,0,0,0,0,14,0,0,0,80,287,107,12,9,0,0,0,25,0,0,0,0,0,0,0,0,0,0,0,0,0,5,0,1,0,0,12,0,562,11,1.49481822141793
43,"Windthrow","A",7,2022-08-23,2022-09-06,14,"2022",0,1,0,0,0,1,13,0,0,0,0,0,0,4,0,0,0,38,7,67,88,23,0,0,4,17,0,0,0,0,0,0,0,0,0,0,0,0,0,14,0,4,0,0,88,0,369,14,1.77324993480583
44,"Forest","A",7,2022-08-23,2022-09-06,14,"2022",0,1,0,0,0,2,5,0,0,0,0,0,0,8,0,0,0,182,20,27,53,23,0,0,2,19,0,0,0,0,0,0,0,0,0,0,0,0,0,3,0,1,0,0,53,0,399,14,1.64748474441568
45,"Forest","B",7,2022-08-23,2022-09-06,14,"2022",0,1,0,0,0,0,9,0,0,0,0,0,0,2,0,0,0,73,8,19,30,6,0,0,2,21,0,0,0,0,0,0,0,0,0,0,0,0,0,5,0,2,0,0,30,0,208,13,1.77223981143349
46,"Salvaged","B",7,2022-08-23,2022-09-06,14,"2022",0,0,0,0,0,0,13,0,0,0,0,0,0,21,4,1,0,130,45,153,28,6,0,0,19,28,0,0,0,0,0,0,0,0,0,0,0,0,0,3,0,0,2,0,28,0,481,14,1.72425976890033
47,"Windthrow","B",7,2022-08-23,2022-09-06,14,"2022",0,1,0,0,0,0,1,0,0,0,0,0,2,1,2,0,0,655,172,103,62,52,0,0,4,24,0,0,0,0,0,0,0,0,0,0,0,0,0,11,0,2,2,0,62,0,1156,16,1.46476695681569
48,"Forest","B",7,2022-08-23,2022-09-06,14,"2022",0,0,0,0,0,0,17,0,0,0,0,0,0,1,0,0,0,536,6,99,80,28,0,0,8,43,0,0,0,0,0,0,0,0,0,0,0,0,0,48,0,3,0,0,80,0,949,12,1.49222166273154
49,"Salvaged","C",7,2022-08-23,2022-09-06,14,"2022",0,0,0,0,0,1,5,0,0,0,0,0,6,29,0,0,0,43,49,60,21,1,0,0,4,10,0,0,0,0,0,0,0,0,0,0,0,0,0,5,0,0,9,0,21,0,264,14,1.85282809346002
50,"Forest","C",7,2022-08-23,2022-09-06,14,"2022",0,0,0,0,0,0,16,0,0,0,0,0,0,7,2,0,0,86,6,53,87,5,1,0,1,6,0,0,0,0,0,0,0,0,0,0,0,0,0,18,0,1,0,0,87,0,376,14,1.70908849889652
51,"Windthrow","C",7,2022-08-23,2022-09-06,14,"2022",0,0,0,0,0,0,10,0,0,0,0,0,0,5,1,0,0,22,1,38,20,3,0,0,5,14,0,0,0,0,0,0,0,0,0,0,0,0,0,3,0,0,7,0,20,0,149,13,1.87717902901907
53,"Salvaged","D",7,2022-08-23,2022-09-06,14,"2022",0,3,0,0,0,0,19,0,0,0,0,0,0,10,5,0,0,138,4,130,137,7,0,0,5,224,0,0,0,0,0,0,0,0,0,0,0,0,0,10,0,1,0,0,137,0,830,14,1.67069710671462
54,"Forest","D",7,2022-08-23,2022-09-06,14,"2022",0,1,0,0,0,0,15,0,0,0,0,0,2,8,0,0,0,23,2,49,87,6,1,0,0,22,0,0,0,0,0,0,0,0,0,0,0,0,0,20,0,0,0,0,87,0,323,13,1.72880149110319
55,"Windthrow","D",7,2022-08-23,2022-09-06,14,"2022",0,0,0,0,0,1,3,0,0,0,0,0,0,4,0,0,0,160,6,31,75,8,0,0,0,26,0,0,0,0,0,0,0,0,0,0,0,0,0,5,0,0,0,0,75,0,394,11,1.58179831737943
56,"Forest","D",7,2022-08-23,2022-09-06,14,"2022",0,0,0,0,0,1,9,0,0,0,0,0,0,6,1,0,0,178,0,36,18,14,0,0,6,20,0,0,0,0,0,0,0,0,0,0,0,0,0,2,0,1,0,0,18,0,310,13,1.54269290530405
57,"Salvaged","E",7,2022-08-23,2022-09-06,14,"2022",0,0,0,0,0,0,12,0,0,0,0,0,4,15,10,0,0,152,0,68,38,4,0,0,2,62,0,0,0,0,0,0,0,0,0,0,0,0,0,6,0,3,2,0,38,0,416,14,1.71690005103363
58,"Forest","E",7,2022-08-23,2022-09-06,14,"2022",0,0,0,0,0,1,5,13,0,0,0,0,0,8,0,0,0,99,0,77,76,14,0,0,2,57,0,0,0,0,0,0,0,0,0,0,0,0,0,10,0,0,1,0,76,0,439,13,1.73966107385528
59,"Windthrow","E",7,2022-08-23,2022-09-06,14,"2022",0,2,0,0,0,1,7,0,0,0,0,0,0,2,0,0,0,142,0,0,82,0,0,0,4,27,0,0,0,0,0,0,0,0,0,0,0,0,0,4,0,1,0,0,82,0,354,11,1.50552580275921
60,"Forest","E",7,2022-08-23,2022-09-06,14,"2022",0,1,0,0,0,1,9,0,0,0,0,0,0,4,0,0,0,101,0,12,29,8,0,0,2,11,0,0,0,0,0,0,0,0,0,0,0,0,0,5,0,1,0,0,29,0,213,13,1.65553621039006
61,"Salvaged","F",7,2022-08-23,2022-09-06,14,"2022",0,2,0,0,0,0,3,0,0,0,0,0,0,9,0,0,0,316,0,69,46,57,0,0,2,18,0,0,0,0,0,0,0,0,0,0,0,0,0,3,0,2,1,0,46,0,574,13,1.49634559165293
62,"Forest","F",7,2022-08-23,2022-09-06,14,"2022",1,1,0,0,0,0,3,0,0,0,0,0,0,2,0,0,0,23,0,72,8,8,0,0,0,33,0,0,0,0,0,0,0,0,0,0,0,0,0,8,0,0,0,0,8,0,167,11,1.64723383065693
63,"Windthrow","F",7,2022-08-23,2022-09-06,14,"2022",0,5,0,0,0,0,13,0,0,0,0,0,1,9,2,2,0,89,0,139,82,9,1,0,9,56,0,0,0,0,0,0,0,0,0,0,0,0,0,12,0,0,0,1,82,0,512,16,1.74967420777307
64,"Forest","F",7,2022-08-23,2022-09-06,14,"2022",0,0,0,0,0,0,12,0,0,0,0,0,0,4,1,0,0,17,1,263,19,1,0,0,15,38,0,0,0,0,0,0,0,0,0,0,0,0,0,2,0,2,0,0,19,0,394,13,1.40428530227344
41,"Forest","A",8,2022-09-06,2022-09-20,14,"2022",0,1,0,0,0,0,0,0,0,0,0,8,0,4,0,1,1,224,70,108,107,133,0,0,2,11,0,0,0,0,0,0,0,0,0,0,0,0,0,8,0,0,0,0,107,14,799,15,1.71329826009148
42,"Salvaged","A",8,2022-09-06,2022-09-20,14,"2022",0,0,0,0,0,0,11,0,0,0,0,0,0,3,0,0,0,127,78,181,22,33,2,0,5,18,0,0,0,0,0,0,0,0,0,0,0,0,0,3,0,5,2,0,22,0,512,14,1.66356279739284
43,"Windthrow","A",8,2022-09-06,2022-09-20,14,"2022",0,0,0,0,0,1,0,0,0,0,0,9,0,5,0,0,0,16,17,52,110,26,3,0,1,32,0,0,0,0,0,0,0,0,0,0,0,0,0,10,0,3,0,0,110,2,397,15,1.74798687088529
44,"Forest","A",8,2022-09-06,2022-09-20,14,"2022",0,0,0,0,0,0,0,0,0,0,0,12,0,3,0,0,0,6,4,55,36,24,7,0,5,0,0,0,0,0,0,0,0,0,0,0,0,0,0,0,0,1,0,0,36,0,189,11,1.74035048485007
46,"Salvaged","B",8,2022-09-06,2022-09-20,14,"2022",0,2,0,0,0,0,4,0,0,0,0,0,0,12,0,1,0,12,42,153,19,2,0,0,7,5,0,0,0,0,0,0,0,0,0,0,0,0,0,7,0,0,1,0,19,0,286,14,1.60141923485186
47,"Windthrow","B",8,2022-09-06,2022-09-20,14,"2022",0,0,0,0,0,0,0,0,0,0,0,6,2,5,1,0,0,97,116,145,71,138,5,0,4,8,0,0,0,0,0,0,0,0,0,0,0,0,0,8,0,3,0,0,71,2,682,16,1.74562673418741
48,"Forest","B",8,2022-09-06,2022-09-20,14,"2022",0,0,0,0,0,1,10,0,0,0,0,0,0,4,0,0,2,3,12,114,47,20,0,0,4,16,0,0,0,0,0,0,0,0,0,0,0,0,0,12,0,0,0,0,47,3,295,14,1.73063871954668
49,"Salvaged","C",8,2022-09-06,2022-09-20,14,"2022",0,0,0,0,0,1,5,0,0,0,0,0,6,16,0,0,0,41,37,47,25,3,0,0,11,2,0,0,0,0,0,0,0,0,0,0,0,0,0,7,0,0,4,0,25,0,230,14,1.88093119649973
51,"Windthrow","C",8,2022-09-06,2022-09-20,14,"2022",0,0,0,0,0,0,5,0,0,0,0,0,0,7,1,0,0,19,16,64,24,11,0,0,4,12,0,0,0,0,0,0,0,0,0,0,0,0,0,3,0,0,1,0,24,3,194,14,1.8473643114924
52,"Forest","C",8,2022-09-06,2022-09-20,14,"2022",0,1,0,0,0,1,0,0,0,0,0,27,0,3,0,0,0,50,3,132,50,23,0,0,12,76,0,0,0,0,0,0,0,0,0,0,0,0,0,1,0,0,0,0,50,0,429,13,1.72751463563269
53,"Salvaged","D",8,2022-09-06,2022-09-20,14,"2022",0,0,0,0,0,0,0,0,0,0,0,20,0,16,6,0,0,59,10,293,288,64,3,0,13,279,0,0,0,0,0,0,0,0,0,0,0,0,0,3,0,2,1,0,288,3,1348,16,1.65719837749218
54,"Forest","D",8,2022-09-06,2022-09-20,14,"2022",0,3,0,0,0,0,0,0,0,0,0,18,0,8,0,0,0,40,3,63,143,71,0,0,3,20,0,0,0,0,0,0,0,0,0,0,0,0,0,7,0,2,0,0,143,4,528,14,1.70752293235627
55,"Windthrow","D",8,2022-09-06,2022-09-20,14,"2022",0,0,0,0,0,0,3,0,0,0,0,0,0,6,0,1,0,19,19,108,64,55,0,0,6,8,0,0,0,0,0,0,0,0,0,0,0,0,0,5,0,0,0,0,64,3,361,13,1.72598749586714
56,"Forest","D",8,2022-09-06,2022-09-20,14,"2022",1,0,0,0,0,0,0,0,0,0,0,9,0,10,0,0,0,29,9,86,6,103,0,0,9,7,0,0,0,0,0,0,0,0,0,0,0,0,0,0,0,0,0,0,6,1,276,12,1.62472543897573
57,"Salvaged","E",8,2022-09-06,2022-09-20,14,"2022",0,0,0,0,0,0,13,0,0,0,0,0,2,14,5,1,0,26,30,222,82,42,0,0,4,19,0,0,0,0,0,0,0,0,0,0,0,0,0,7,0,6,1,0,82,4,560,17,1.73380428266224
58,"Forest","E",8,2022-09-06,2022-09-20,14,"2022",0,0,0,0,0,2,0,0,0,0,0,9,0,7,0,1,0,74,0,98,80,20,0,0,4,76,0,0,0,0,0,0,0,0,0,0,0,0,0,9,0,0,0,0,80,1,461,13,1.72937434169833
59,"Windthrow","E",8,2022-09-06,2022-09-20,14,"2022",1,0,0,0,0,0,0,0,0,0,0,6,1,11,0,0,0,5,1,131,157,20,0,0,4,13,0,0,0,0,0,0,0,0,0,0,0,0,0,6,0,2,0,0,157,0,515,14,1.55318986538461
60,"Forest","E",8,2022-09-06,2022-09-20,14,"2022",0,0,0,0,0,0,9,0,0,0,0,0,1,5,0,0,1,51,9,101,84,110,0,0,4,27,0,0,0,0,0,0,0,0,0,0,0,0,0,6,0,0,0,0,84,7,499,14,1.75009934495912
61,"Salvaged","F",8,2022-09-06,2022-09-20,14,"2022",0,1,0,0,0,0,9,0,0,0,0,0,0,9,0,0,0,112,6,147,122,194,1,0,12,33,0,0,0,0,0,0,0,0,0,0,0,0,0,10,0,3,0,0,122,2,783,15,1.71288624247045
62,"Forest","F",8,2022-09-06,2022-09-20,14,"2022",0,1,0,0,0,0,9,0,0,0,0,0,0,7,1,0,2,83,13,197,128,74,0,0,11,95,0,0,0,0,0,0,0,0,0,0,0,0,0,9,0,3,0,0,128,4,765,16,1.74977802839766
63,"Windthrow","F",8,2022-09-06,2022-09-20,14,"2022",0,2,0,0,0,0,0,0,0,0,0,15,1,7,0,0,0,26,3,132,74,19,1,0,5,27,0,0,0,0,0,0,0,0,0,0,0,0,0,12,0,0,0,0,74,0,398,14,1.72478861937643
64,"Forest","F",8,2022-09-06,2022-09-20,14,"2022",1,0,0,0,0,0,5,0,0,0,0,0,0,11,1,0,0,4,3,271,81,15,0,0,4,16,0,0,0,0,0,0,0,0,0,0,0,0,0,5,0,0,0,0,81,0,498,13,1.46761914822966
